ml_number,status,raison,date_verification
0,son,pas d'image 480 disponible,2025-12-05 13:08
1,son,pas d'image 480 disponible,2025-12-05 13:08
100328301,image,vérifié automatiquement,2025-12-04 15:50
100328321,image,vérifié automatiquement,2025-12-04 15:50
100328351,image,vérifié automatiquement,2025-12-04 15:50
100328391,image,vérifié automatiquement,2025-12-04 15:50
100545101,image,vérifié automatiquement,2025-12-04 15:50
100545111,image,vérifié automatiquement,2025-12-04 15:50
100545221,image,vérifié automatiquement,2025-12-04 15:50
101876171,image,vérifié automatiquement,2025-12-04 15:50
101876181,image,vérifié automatiquement,2025-12-04 15:50
101876191,image,vérifié automatiquement,2025-12-04 15:50
101876201,image,vérifié automatiquement,2025-12-04 15:50
101876211,image,vérifié automatiquement,2025-12-04 15:50
101876221,image,vérifié automatiquement,2025-12-04 15:50
101934041,image,vérifié automatiquement,2025-12-04 15:50
101934051,image,vérifié automatiquement,2025-12-04 15:50
101934101,image,vérifié automatiquement,2025-12-04 15:50
102139731,image,vérifié automatiquement,2025-12-04 15:50
102140001,image,vérifié automatiquement,2025-12-04 15:50
102361011,image,vérifié automatiquement,2025-12-04 15:50
102361031,image,vérifié automatiquement,2025-12-04 15:50
102361041,image,vérifié automatiquement,2025-12-04 15:50
102361051,image,vérifié automatiquement,2025-12-04 15:50
102361181,image,vérifié automatiquement,2025-12-04 15:50
102708471,image,vérifié automatiquement,2025-12-04 15:50
102747771,image,vérifié automatiquement,2025-12-04 15:50
102747871,image,vérifié automatiquement,2025-12-04 15:50
102747991,image,vérifié automatiquement,2025-12-04 15:50
102748001,image,vérifié automatiquement,2025-12-04 15:50
102748201,image,vérifié automatiquement,2025-12-04 15:50
102748311,image,vérifié automatiquement,2025-12-04 15:50
102748501,image,vérifié automatiquement,2025-12-04 15:50
102748531,image,vérifié automatiquement,2025-12-04 15:50
102748601,image,vérifié automatiquement,2025-12-04 15:50
102748671,image,vérifié automatiquement,2025-12-04 15:50
102748681,image,vérifié automatiquement,2025-12-04 15:50
102748881,image,vérifié automatiquement,2025-12-04 15:50
102748971,image,vérifié automatiquement,2025-12-04 15:50
102749031,image,vérifié automatiquement,2025-12-04 15:50
102749061,image,vérifié automatiquement,2025-12-04 15:50
105332511,image,vérifié automatiquement,2025-12-04 15:50
105332561,image,vérifié automatiquement,2025-12-04 15:50
105332591,image,vérifié automatiquement,2025-12-04 15:50
105332691,image,vérifié automatiquement,2025-12-04 15:50
105332801,image,vérifié automatiquement,2025-12-04 15:50
105391201,image,vérifié automatiquement,2025-12-04 15:50
105439831,image,vérifié automatiquement,2025-12-04 15:50
105439941,image,vérifié automatiquement,2025-12-04 15:50
105440161,image,vérifié automatiquement,2025-12-04 15:50
107355021,image,vérifié automatiquement,2025-12-04 15:50
107355061,image,vérifié automatiquement,2025-12-04 15:50
107355151,image,vérifié automatiquement,2025-12-04 15:50
107355481,image,vérifié automatiquement,2025-12-04 15:50
107355661,image,vérifié automatiquement,2025-12-04 15:50
107355721,image,vérifié automatiquement,2025-12-04 15:50
107355801,image,vérifié automatiquement,2025-12-04 15:50
107356251,image,vérifié automatiquement,2025-12-04 15:50
107408191,image,vérifié automatiquement,2025-12-04 15:50
107408201,image,vérifié automatiquement,2025-12-04 15:50
107408211,image,vérifié automatiquement,2025-12-04 15:50
107408531,image,vérifié automatiquement,2025-12-04 15:50
107408541,image,vérifié automatiquement,2025-12-04 15:50
107408561,image,vérifié automatiquement,2025-12-04 15:50
107408571,image,vérifié automatiquement,2025-12-04 15:50
107408591,image,vérifié automatiquement,2025-12-04 15:50
107412441,image,vérifié automatiquement,2025-12-04 15:50
107521431,image,vérifié automatiquement,2025-12-04 15:50
107521511,image,vérifié automatiquement,2025-12-04 15:50
107521541,image,vérifié automatiquement,2025-12-04 15:50
107521561,image,vérifié automatiquement,2025-12-04 15:50
108149241,image,vérifié automatiquement,2025-12-04 15:50
108149261,image,vérifié automatiquement,2025-12-04 15:50
108435231,image,vérifié automatiquement,2025-12-04 15:50
108435311,image,vérifié automatiquement,2025-12-04 15:50
108435421,image,vérifié automatiquement,2025-12-04 15:50
108805251,image,vérifié automatiquement,2025-12-04 15:50
108805261,image,vérifié automatiquement,2025-12-04 15:50
108806201,image,vérifié automatiquement,2025-12-04 15:50
109480911,image,vérifié automatiquement,2025-12-04 15:50
109481121,image,vérifié automatiquement,2025-12-04 15:50
109534951,image,vérifié automatiquement,2025-12-04 15:50
109535091,image,vérifié automatiquement,2025-12-04 15:50
109535331,image,vérifié automatiquement,2025-12-04 15:50
109562181,image,vérifié automatiquement,2025-12-04 15:50
109562291,image,vérifié automatiquement,2025-12-04 15:50
109562361,image,vérifié automatiquement,2025-12-04 15:50
109562371,image,vérifié automatiquement,2025-12-04 15:50
109562411,image,vérifié automatiquement,2025-12-04 15:50
109562591,image,vérifié automatiquement,2025-12-04 15:50
109562661,image,vérifié automatiquement,2025-12-04 15:50
109562671,image,vérifié automatiquement,2025-12-04 15:50
109562681,image,vérifié automatiquement,2025-12-04 15:50
109565441,image,vérifié automatiquement,2025-12-04 15:50
109565491,image,vérifié automatiquement,2025-12-04 15:50
109565591,image,vérifié automatiquement,2025-12-04 15:50
109565691,image,vérifié automatiquement,2025-12-04 15:50
109937311,image,vérifié automatiquement,2025-12-04 15:50
109937481,image,vérifié automatiquement,2025-12-04 15:50
109947871,image,vérifié automatiquement,2025-12-04 15:50
110707461,image,vérifié automatiquement,2025-12-04 15:50
110707481,image,vérifié automatiquement,2025-12-04 15:50
110707501,image,vérifié automatiquement,2025-12-04 15:50
110707521,image,vérifié automatiquement,2025-12-04 15:50
111085521,image,vérifié automatiquement,2025-12-04 15:50
111092651,image,vérifié automatiquement,2025-12-04 15:50
115214161,image,vérifié automatiquement,2025-12-04 15:50
115214181,image,vérifié automatiquement,2025-12-04 15:50
115214191,image,vérifié automatiquement,2025-12-04 15:50
115214201,image,vérifié automatiquement,2025-12-04 15:50
118099411,image,vérifié automatiquement,2025-12-04 15:50
118099621,image,vérifié automatiquement,2025-12-04 15:50
118099661,image,vérifié automatiquement,2025-12-04 15:50
118099681,image,vérifié automatiquement,2025-12-04 15:50
118099711,image,vérifié automatiquement,2025-12-04 15:50
118099751,image,vérifié automatiquement,2025-12-04 15:50
118100011,image,vérifié automatiquement,2025-12-04 15:50
118154761,image,vérifié automatiquement,2025-12-04 15:50
118154851,image,vérifié automatiquement,2025-12-04 15:50
118154891,image,vérifié automatiquement,2025-12-04 15:50
118154901,image,vérifié automatiquement,2025-12-04 15:50
118281751,image,vérifié automatiquement,2025-12-04 15:50
118281781,image,vérifié automatiquement,2025-12-04 15:50
118281791,image,vérifié automatiquement,2025-12-04 15:50
118281801,image,vérifié automatiquement,2025-12-04 15:50
118281811,image,vérifié automatiquement,2025-12-04 15:50
118281821,image,vérifié automatiquement,2025-12-04 15:50
118281831,image,vérifié automatiquement,2025-12-04 15:50
118281861,image,vérifié automatiquement,2025-12-04 15:50
118281891,image,vérifié automatiquement,2025-12-04 15:50
118283291,image,vérifié automatiquement,2025-12-04 15:50
118283301,image,vérifié automatiquement,2025-12-04 15:50
118287331,image,vérifié automatiquement,2025-12-04 15:50
118288191,image,vérifié automatiquement,2025-12-04 15:50
120178771,image,vérifié automatiquement,2025-12-04 15:50
121202121,image,vérifié automatiquement,2025-12-04 15:50
121242111,image,vérifié automatiquement,2025-12-04 15:50
121247351,image,vérifié automatiquement,2025-12-04 15:50
121247361,image,vérifié automatiquement,2025-12-04 15:50
121247371,image,vérifié automatiquement,2025-12-04 15:50
121250351,image,vérifié automatiquement,2025-12-04 15:50
121250391,image,vérifié automatiquement,2025-12-04 15:50
122487111,image,vérifié automatiquement,2025-12-04 15:50
122487171,image,vérifié automatiquement,2025-12-04 15:50
122487281,image,vérifié automatiquement,2025-12-04 15:50
122487291,image,vérifié automatiquement,2025-12-04 15:50
122487311,image,vérifié automatiquement,2025-12-04 15:50
123079471,image,vérifié automatiquement,2025-12-04 15:50
123079771,image,vérifié automatiquement,2025-12-04 15:50
123083781,image,vérifié automatiquement,2025-12-04 15:50
123083921,image,vérifié automatiquement,2025-12-04 15:50
123083951,image,vérifié automatiquement,2025-12-04 15:50
123084041,image,vérifié automatiquement,2025-12-04 15:50
123084051,image,vérifié automatiquement,2025-12-04 15:50
123170151,image,vérifié automatiquement,2025-12-04 15:50
124110541,image,vérifié automatiquement,2025-12-04 15:50
124110561,image,vérifié automatiquement,2025-12-04 15:50
124110571,image,vérifié automatiquement,2025-12-04 15:50
124110581,image,vérifié automatiquement,2025-12-04 15:50
124110621,image,vérifié automatiquement,2025-12-04 15:50
124110701,image,vérifié automatiquement,2025-12-04 15:50
124110781,image,vérifié automatiquement,2025-12-04 15:50
124110821,image,vérifié automatiquement,2025-12-04 15:50
124110861,image,vérifié automatiquement,2025-12-04 15:50
125277061,image,vérifié automatiquement,2025-12-04 15:50
125277191,image,vérifié automatiquement,2025-12-04 15:50
125277271,image,vérifié automatiquement,2025-12-04 15:50
130728611,image,vérifié automatiquement,2025-12-04 15:50
130728621,image,vérifié automatiquement,2025-12-04 15:50
130728731,image,vérifié automatiquement,2025-12-04 15:50
130736371,image,vérifié automatiquement,2025-12-04 15:50
131445411,image,vérifié automatiquement,2025-12-04 15:50
131445471,image,vérifié automatiquement,2025-12-04 15:50
132014381,image,vérifié automatiquement,2025-12-04 15:50
132014461,image,vérifié automatiquement,2025-12-04 15:50
132014471,image,vérifié automatiquement,2025-12-04 15:50
132014481,image,vérifié automatiquement,2025-12-04 15:50
132401021,image,vérifié automatiquement,2025-12-04 15:50
134897681,image,vérifié automatiquement,2025-12-04 15:50
134897711,image,vérifié automatiquement,2025-12-04 15:50
134897721,image,vérifié automatiquement,2025-12-04 15:50
134897771,image,vérifié automatiquement,2025-12-04 15:50
134898491,image,vérifié automatiquement,2025-12-04 15:50
137499231,image,vérifié automatiquement,2025-12-04 15:50
137499281,image,vérifié automatiquement,2025-12-04 15:50
137499321,image,vérifié automatiquement,2025-12-04 15:50
137499341,image,vérifié automatiquement,2025-12-04 15:50
137499441,image,vérifié automatiquement,2025-12-04 15:50
139818801,image,vérifié automatiquement,2025-12-04 15:50
139818831,image,vérifié automatiquement,2025-12-04 15:50
142423351,image,vérifié automatiquement,2025-12-04 15:50
142423361,image,vérifié automatiquement,2025-12-04 15:50
142444801,son,pas d'image 480 disponible,2025-12-04 15:50
142444811,son,pas d'image 480 disponible,2025-12-04 15:50
143853701,image,vérifié automatiquement,2025-12-04 15:50
143853711,image,vérifié automatiquement,2025-12-04 15:50
143856401,image,vérifié automatiquement,2025-12-04 15:50
143856441,image,vérifié automatiquement,2025-12-04 15:50
143856451,image,vérifié automatiquement,2025-12-04 15:50
143856501,image,vérifié automatiquement,2025-12-04 15:50
143856531,image,vérifié automatiquement,2025-12-04 15:50
143856541,image,vérifié automatiquement,2025-12-04 15:50
143856551,image,vérifié automatiquement,2025-12-04 15:50
143856561,image,vérifié automatiquement,2025-12-04 15:50
143856571,image,vérifié automatiquement,2025-12-04 15:50
143856581,image,vérifié automatiquement,2025-12-04 15:50
143857411,image,vérifié automatiquement,2025-12-04 15:50
143863941,image,vérifié automatiquement,2025-12-04 15:50
143863951,image,vérifié automatiquement,2025-12-04 15:50
143863961,image,vérifié automatiquement,2025-12-04 15:50
143863981,image,vérifié automatiquement,2025-12-04 15:50
143863991,image,vérifié automatiquement,2025-12-04 15:50
143864001,image,vérifié automatiquement,2025-12-04 15:50
143864021,image,vérifié automatiquement,2025-12-04 15:50
143864051,image,vérifié automatiquement,2025-12-04 15:50
143864061,image,vérifié automatiquement,2025-12-04 15:50
143864101,image,vérifié automatiquement,2025-12-04 15:50
143864111,image,vérifié automatiquement,2025-12-04 15:50
143864141,image,vérifié automatiquement,2025-12-04 15:50
143864151,image,vérifié automatiquement,2025-12-04 15:50
143864161,image,vérifié automatiquement,2025-12-04 15:50
143869191,image,vérifié automatiquement,2025-12-04 15:50
143869201,image,vérifié automatiquement,2025-12-04 15:50
143869221,image,vérifié automatiquement,2025-12-04 15:50
143869231,image,vérifié automatiquement,2025-12-04 15:50
143869291,image,vérifié automatiquement,2025-12-04 15:50
143869301,image,vérifié automatiquement,2025-12-04 15:50
143869321,image,vérifié automatiquement,2025-12-04 15:50
143869341,image,vérifié automatiquement,2025-12-04 15:50
143869351,image,vérifié automatiquement,2025-12-04 15:50
143869391,image,vérifié automatiquement,2025-12-04 15:50
143869401,image,vérifié automatiquement,2025-12-04 15:50
147505061,image,vérifié automatiquement,2025-12-04 15:50
147505321,image,vérifié automatiquement,2025-12-04 15:50
147505581,image,vérifié automatiquement,2025-12-04 15:50
147505651,image,vérifié automatiquement,2025-12-04 15:50
149863141,image,vérifié automatiquement,2025-12-04 15:50
149863221,image,vérifié automatiquement,2025-12-04 15:50
150152861,image,vérifié automatiquement,2025-12-04 15:50
150152881,image,vérifié automatiquement,2025-12-04 15:50
150152891,image,vérifié automatiquement,2025-12-04 15:50
150152901,image,vérifié automatiquement,2025-12-04 15:50
150152911,image,vérifié automatiquement,2025-12-04 15:50
150152921,image,vérifié automatiquement,2025-12-04 15:50
150152941,image,vérifié automatiquement,2025-12-04 15:50
150152991,image,vérifié automatiquement,2025-12-04 15:50
150153101,image,vérifié automatiquement,2025-12-04 15:50
150153111,image,vérifié automatiquement,2025-12-04 15:50
150153121,image,vérifié automatiquement,2025-12-04 15:50
150408741,image,vérifié automatiquement,2025-12-04 15:50
150593741,image,vérifié automatiquement,2025-12-04 15:50
150593931,image,vérifié automatiquement,2025-12-04 15:50
150594531,image,vérifié automatiquement,2025-12-04 15:50
150594721,image,vérifié automatiquement,2025-12-04 15:50
150594951,image,vérifié automatiquement,2025-12-04 15:50
150711451,image,vérifié automatiquement,2025-12-04 15:50
150711461,image,vérifié automatiquement,2025-12-04 15:50
150711661,image,vérifié automatiquement,2025-12-04 15:50
150711671,image,vérifié automatiquement,2025-12-04 15:50
150711811,image,vérifié automatiquement,2025-12-04 15:50
150711821,image,vérifié automatiquement,2025-12-04 15:50
150711831,image,vérifié automatiquement,2025-12-04 15:50
150711841,image,vérifié automatiquement,2025-12-04 15:50
150711851,image,vérifié automatiquement,2025-12-04 15:50
150711951,image,vérifié automatiquement,2025-12-04 15:50
150712091,image,vérifié automatiquement,2025-12-04 15:50
150712111,image,vérifié automatiquement,2025-12-04 15:50
150727911,image,vérifié automatiquement,2025-12-04 15:50
152918561,image,vérifié automatiquement,2025-12-04 15:50
152918571,image,vérifié automatiquement,2025-12-04 15:50
152918581,image,vérifié automatiquement,2025-12-04 15:50
154306491,image,vérifié automatiquement,2025-12-04 15:50
154306501,image,vérifié automatiquement,2025-12-04 15:50
154306511,image,vérifié automatiquement,2025-12-04 15:50
154306621,image,vérifié automatiquement,2025-12-04 15:50
154306641,image,vérifié automatiquement,2025-12-04 15:50
154306651,image,vérifié automatiquement,2025-12-04 15:50
154541451,image,vérifié automatiquement,2025-12-04 15:50
154542481,image,vérifié automatiquement,2025-12-04 15:50
154542541,image,vérifié automatiquement,2025-12-04 15:50
154542791,image,vérifié automatiquement,2025-12-04 15:50
154544361,image,vérifié automatiquement,2025-12-04 15:50
154544551,image,vérifié automatiquement,2025-12-04 15:50
154544861,image,vérifié automatiquement,2025-12-04 15:50
154548831,image,vérifié automatiquement,2025-12-04 15:50
154550541,image,vérifié automatiquement,2025-12-04 15:50
154551061,image,vérifié automatiquement,2025-12-04 15:50
154551281,image,vérifié automatiquement,2025-12-04 15:50
155021771,image,vérifié automatiquement,2025-12-04 15:50
155021831,image,vérifié automatiquement,2025-12-04 15:50
155021931,image,vérifié automatiquement,2025-12-04 15:50
155022001,image,vérifié automatiquement,2025-12-04 15:50
155111851,image,vérifié automatiquement,2025-12-04 15:50
155111871,image,vérifié automatiquement,2025-12-04 15:50
158492341,image,vérifié automatiquement,2025-12-04 15:50
158492361,image,vérifié automatiquement,2025-12-04 15:50
158492421,image,vérifié automatiquement,2025-12-04 15:50
159601681,image,vérifié automatiquement,2025-12-04 15:50
159601701,image,vérifié automatiquement,2025-12-04 15:50
159601781,image,vérifié automatiquement,2025-12-04 15:50
159601831,image,vérifié automatiquement,2025-12-04 15:50
159601951,image,vérifié automatiquement,2025-12-04 15:50
159602241,image,vérifié automatiquement,2025-12-04 15:50
161683941,image,vérifié automatiquement,2025-12-04 15:50
161684021,image,vérifié automatiquement,2025-12-04 15:50
161684271,image,vérifié automatiquement,2025-12-04 15:50
161684411,image,vérifié automatiquement,2025-12-04 15:50
161684421,image,vérifié automatiquement,2025-12-04 15:50
161684461,image,vérifié automatiquement,2025-12-04 15:50
161918011,image,vérifié automatiquement,2025-12-04 15:50
161918021,image,vérifié automatiquement,2025-12-04 15:50
161918071,image,vérifié automatiquement,2025-12-04 15:50
161918121,image,vérifié automatiquement,2025-12-04 15:50
164012681,image,vérifié automatiquement,2025-12-04 15:50
164012701,image,vérifié automatiquement,2025-12-04 15:50
164012711,image,vérifié automatiquement,2025-12-04 15:50
164012721,image,vérifié automatiquement,2025-12-04 15:50
164654621,image,vérifié automatiquement,2025-12-04 15:50
164654631,image,vérifié automatiquement,2025-12-04 15:50
165540001,image,vérifié automatiquement,2025-12-04 15:50
165540081,image,vérifié automatiquement,2025-12-04 15:50
165540091,image,vérifié automatiquement,2025-12-04 15:50
165540111,image,vérifié automatiquement,2025-12-04 15:50
165815091,image,vérifié automatiquement,2025-12-04 15:50
165815141,image,vérifié automatiquement,2025-12-04 15:50
165815201,image,vérifié automatiquement,2025-12-04 15:50
165815221,image,vérifié automatiquement,2025-12-04 15:50
165815231,image,vérifié automatiquement,2025-12-04 15:50
165815241,image,vérifié automatiquement,2025-12-04 15:50
165815251,image,vérifié automatiquement,2025-12-04 15:50
165815261,image,vérifié automatiquement,2025-12-04 15:50
166075251,image,vérifié automatiquement,2025-12-04 15:50
166075431,image,vérifié automatiquement,2025-12-04 15:50
166075521,image,vérifié automatiquement,2025-12-04 15:50
166075621,image,vérifié automatiquement,2025-12-04 15:50
166075661,image,vérifié automatiquement,2025-12-04 15:50
166075671,image,vérifié automatiquement,2025-12-04 15:50
166075751,image,vérifié automatiquement,2025-12-04 15:50
166075761,image,vérifié automatiquement,2025-12-04 15:50
166075771,image,vérifié automatiquement,2025-12-04 15:50
166166451,image,vérifié automatiquement,2025-12-04 15:50
166166511,image,vérifié automatiquement,2025-12-04 15:50
166166521,image,vérifié automatiquement,2025-12-04 15:50
166166551,image,vérifié automatiquement,2025-12-04 15:50
166166571,image,vérifié automatiquement,2025-12-04 15:50
166166611,image,vérifié automatiquement,2025-12-04 15:50
166168491,image,vérifié automatiquement,2025-12-04 15:50
166175481,image,vérifié automatiquement,2025-12-04 15:50
166456181,image,vérifié automatiquement,2025-12-04 15:50
166519721,image,vérifié automatiquement,2025-12-04 15:50
166590121,image,vérifié automatiquement,2025-12-04 15:50
166590211,image,vérifié automatiquement,2025-12-04 15:50
166590241,image,vérifié automatiquement,2025-12-04 15:50
166719431,image,vérifié automatiquement,2025-12-04 15:50
166854131,image,vérifié automatiquement,2025-12-04 15:50
166854151,image,vérifié automatiquement,2025-12-04 15:50
166933871,image,vérifié automatiquement,2025-12-04 15:50
166933941,image,vérifié automatiquement,2025-12-04 15:50
166933951,image,vérifié automatiquement,2025-12-04 15:50
166933961,image,vérifié automatiquement,2025-12-04 15:50
166933971,image,vérifié automatiquement,2025-12-04 15:50
166933991,image,vérifié automatiquement,2025-12-04 15:50
166971131,image,vérifié automatiquement,2025-12-04 15:50
167070831,image,vérifié automatiquement,2025-12-04 15:50
167070841,image,vérifié automatiquement,2025-12-04 15:50
167070851,image,vérifié automatiquement,2025-12-04 15:50
167070991,image,vérifié automatiquement,2025-12-04 15:50
167225001,image,vérifié automatiquement,2025-12-04 15:50
167225011,image,vérifié automatiquement,2025-12-04 15:50
167225021,image,vérifié automatiquement,2025-12-04 15:50
167225041,image,vérifié automatiquement,2025-12-04 15:50
167225291,image,vérifié automatiquement,2025-12-04 15:50
167225381,image,vérifié automatiquement,2025-12-04 15:50
167225431,image,vérifié automatiquement,2025-12-04 15:50
167515971,image,vérifié automatiquement,2025-12-04 15:50
167516001,image,vérifié automatiquement,2025-12-04 15:50
167516021,image,vérifié automatiquement,2025-12-04 15:50
167516031,image,vérifié automatiquement,2025-12-04 15:50
167567061,image,vérifié automatiquement,2025-12-04 15:50
167567101,image,vérifié automatiquement,2025-12-04 15:50
167567931,image,vérifié automatiquement,2025-12-04 15:50
167567991,image,vérifié automatiquement,2025-12-04 15:50
167568171,image,vérifié automatiquement,2025-12-04 15:50
167568181,image,vérifié automatiquement,2025-12-04 15:50
167568551,image,vérifié automatiquement,2025-12-04 15:50
167569051,image,vérifié automatiquement,2025-12-04 15:50
167569341,image,vérifié automatiquement,2025-12-04 15:50
167569431,image,vérifié automatiquement,2025-12-04 15:50
168185071,image,vérifié automatiquement,2025-12-04 15:50
168565741,image,vérifié automatiquement,2025-12-04 15:50
169216091,image,vérifié automatiquement,2025-12-04 15:50
169216101,image,vérifié automatiquement,2025-12-04 15:50
169216111,image,vérifié automatiquement,2025-12-04 15:50
169216191,image,vérifié automatiquement,2025-12-04 15:50
169216291,image,vérifié automatiquement,2025-12-04 15:50
170290661,image,vérifié automatiquement,2025-12-04 15:50
170290691,image,vérifié automatiquement,2025-12-04 15:50
170290721,image,vérifié automatiquement,2025-12-04 15:50
177398261,image,vérifié automatiquement,2025-12-04 15:50
177398321,image,vérifié automatiquement,2025-12-04 15:50
177398331,image,vérifié automatiquement,2025-12-04 15:50
177398371,image,vérifié automatiquement,2025-12-04 15:50
177398451,image,vérifié automatiquement,2025-12-04 15:50
177398581,image,vérifié automatiquement,2025-12-04 15:50
177398621,image,vérifié automatiquement,2025-12-04 15:50
177398671,image,vérifié automatiquement,2025-12-04 15:50
177398681,image,vérifié automatiquement,2025-12-04 15:50
177398691,image,vérifié automatiquement,2025-12-04 15:50
177501471,image,vérifié automatiquement,2025-12-04 15:50
177501481,image,vérifié automatiquement,2025-12-04 15:50
179924811,image,vérifié automatiquement,2025-12-04 15:50
179924861,image,vérifié automatiquement,2025-12-04 15:50
180386291,image,vérifié automatiquement,2025-12-04 15:50
180386321,image,vérifié automatiquement,2025-12-04 15:50
180386431,image,vérifié automatiquement,2025-12-04 15:50
180786541,image,vérifié automatiquement,2025-12-04 15:50
181504671,image,vérifié automatiquement,2025-12-04 15:50
184801711,image,vérifié automatiquement,2025-12-04 15:50
184801751,image,vérifié automatiquement,2025-12-04 15:50
184880661,image,vérifié automatiquement,2025-12-04 15:50
184880691,image,vérifié automatiquement,2025-12-04 15:50
184880701,image,vérifié automatiquement,2025-12-04 15:50
184880791,image,vérifié automatiquement,2025-12-04 15:50
184880811,image,vérifié automatiquement,2025-12-04 15:50
184880831,image,vérifié automatiquement,2025-12-04 15:50
184880841,image,vérifié automatiquement,2025-12-04 15:50
184880871,image,vérifié automatiquement,2025-12-04 15:50
185425821,image,vérifié automatiquement,2025-12-04 15:50
185706861,image,vérifié automatiquement,2025-12-04 15:50
185706921,image,vérifié automatiquement,2025-12-04 15:50
185771231,image,vérifié automatiquement,2025-12-04 15:50
185771241,image,vérifié automatiquement,2025-12-04 15:50
185774531,image,vérifié automatiquement,2025-12-04 15:50
187153351,image,vérifié automatiquement,2025-12-04 15:50
187153371,image,vérifié automatiquement,2025-12-04 15:50
187153381,image,vérifié automatiquement,2025-12-04 15:50
187153411,image,vérifié automatiquement,2025-12-04 15:50
187153421,image,vérifié automatiquement,2025-12-04 15:50
187527441,image,vérifié automatiquement,2025-12-04 15:50
187527681,image,vérifié automatiquement,2025-12-04 15:50
187528201,image,vérifié automatiquement,2025-12-04 15:50
188418921,image,vérifié automatiquement,2025-12-04 15:50
188419041,image,vérifié automatiquement,2025-12-04 15:50
188419111,image,vérifié automatiquement,2025-12-04 15:50
188419151,image,vérifié automatiquement,2025-12-04 15:50
188419161,image,vérifié automatiquement,2025-12-04 15:50
188419231,image,vérifié automatiquement,2025-12-04 15:50
188419271,image,vérifié automatiquement,2025-12-04 15:50
188503691,image,vérifié automatiquement,2025-12-04 15:50
188503701,image,vérifié automatiquement,2025-12-04 15:50
188503721,image,vérifié automatiquement,2025-12-04 15:50
188503771,image,vérifié automatiquement,2025-12-04 15:50
188503781,image,vérifié automatiquement,2025-12-04 15:50
188503791,image,vérifié automatiquement,2025-12-04 15:50
188503801,image,vérifié automatiquement,2025-12-04 15:50
189693561,image,vérifié automatiquement,2025-12-04 15:50
190320821,image,vérifié automatiquement,2025-12-04 15:50
190364161,image,vérifié automatiquement,2025-12-04 15:50
191945481,image,vérifié automatiquement,2025-12-04 15:50
194210591,image,vérifié automatiquement,2025-12-04 15:50
194210621,image,vérifié automatiquement,2025-12-04 15:50
196782891,image,vérifié automatiquement,2025-12-04 15:50
196782901,image,vérifié automatiquement,2025-12-04 15:50
2,son,pas d'image 480 disponible,2025-12-05 13:09
203091371,image,vérifié automatiquement,2025-12-04 15:50
20473761,image,vérifié automatiquement,2025-12-04 15:50
20474041,image,vérifié automatiquement,2025-12-04 15:50
20474601,image,vérifié automatiquement,2025-12-04 15:50
20474801,image,vérifié automatiquement,2025-12-04 15:50
20475001,image,vérifié automatiquement,2025-12-04 15:50
20475041,image,vérifié automatiquement,2025-12-04 15:50
20475051,image,vérifié automatiquement,2025-12-04 15:50
20475061,image,vérifié automatiquement,2025-12-04 15:50
20478481,image,vérifié automatiquement,2025-12-04 15:50
20478491,image,vérifié automatiquement,2025-12-04 15:50
20478521,image,vérifié automatiquement,2025-12-04 15:50
20478781,image,vérifié automatiquement,2025-12-04 15:50
20478801,image,vérifié automatiquement,2025-12-04 15:50
20478821,image,vérifié automatiquement,2025-12-04 15:50
20478851,image,vérifié automatiquement,2025-12-04 15:50
20478881,image,vérifié automatiquement,2025-12-04 15:50
20478901,image,vérifié automatiquement,2025-12-04 15:50
20498181,image,vérifié automatiquement,2025-12-04 15:50
20498191,image,vérifié automatiquement,2025-12-04 15:50
20505321,image,vérifié automatiquement,2025-12-04 15:50
20505331,image,vérifié automatiquement,2025-12-04 15:50
20505341,image,vérifié automatiquement,2025-12-04 15:50
207328861,image,vérifié automatiquement,2025-12-04 15:50
207329051,image,vérifié automatiquement,2025-12-04 15:50
207329161,image,vérifié automatiquement,2025-12-04 15:50
207329391,image,vérifié automatiquement,2025-12-04 15:50
207329401,image,vérifié automatiquement,2025-12-04 15:50
207329411,image,vérifié automatiquement,2025-12-04 15:50
209705851,image,vérifié automatiquement,2025-12-04 15:50
209876581,image,vérifié automatiquement,2025-12-04 15:50
209876631,image,vérifié automatiquement,2025-12-04 15:50
209876641,image,vérifié automatiquement,2025-12-04 15:50
209876671,image,vérifié automatiquement,2025-12-04 15:50
209876711,image,vérifié automatiquement,2025-12-04 15:50
209876781,image,vérifié automatiquement,2025-12-04 15:50
21082521,image,vérifié automatiquement,2025-12-04 15:50
21082531,image,vérifié automatiquement,2025-12-04 15:50
21082541,image,vérifié automatiquement,2025-12-04 15:50
21082551,image,vérifié automatiquement,2025-12-04 15:50
21082561,image,vérifié automatiquement,2025-12-04 15:50
21082591,image,vérifié automatiquement,2025-12-04 15:50
21082601,image,vérifié automatiquement,2025-12-04 15:50
21082611,image,vérifié automatiquement,2025-12-04 15:50
21082621,image,vérifié automatiquement,2025-12-04 15:50
21082631,image,vérifié automatiquement,2025-12-04 15:50
21082641,image,vérifié automatiquement,2025-12-04 15:50
21082651,image,vérifié automatiquement,2025-12-04 15:50
21082661,image,vérifié automatiquement,2025-12-04 15:50
21082671,image,vérifié automatiquement,2025-12-04 15:50
21082681,image,vérifié automatiquement,2025-12-04 15:50
21082691,image,vérifié automatiquement,2025-12-04 15:50
21082701,image,vérifié automatiquement,2025-12-04 15:50
21082711,image,vérifié automatiquement,2025-12-04 15:50
21082721,image,vérifié automatiquement,2025-12-04 15:50
21082731,image,vérifié automatiquement,2025-12-04 15:50
21082741,image,vérifié automatiquement,2025-12-04 15:50
21082751,image,vérifié automatiquement,2025-12-04 15:50
21082761,image,vérifié automatiquement,2025-12-04 15:50
21082771,image,vérifié automatiquement,2025-12-04 15:50
21082781,image,vérifié automatiquement,2025-12-04 15:50
21082831,image,vérifié automatiquement,2025-12-04 15:50
21082841,image,vérifié automatiquement,2025-12-04 15:50
21082851,image,vérifié automatiquement,2025-12-04 15:50
21082861,image,vérifié automatiquement,2025-12-04 15:50
21082871,image,vérifié automatiquement,2025-12-04 15:50
21082881,image,vérifié automatiquement,2025-12-04 15:50
21082891,image,vérifié automatiquement,2025-12-04 15:50
21082901,image,vérifié automatiquement,2025-12-04 15:50
21082911,image,vérifié automatiquement,2025-12-04 15:50
21083301,image,vérifié automatiquement,2025-12-04 15:50
21083311,image,vérifié automatiquement,2025-12-04 15:50
21083321,image,vérifié automatiquement,2025-12-04 15:50
21083331,image,vérifié automatiquement,2025-12-04 15:50
21083361,image,vérifié automatiquement,2025-12-04 15:50
21083371,image,vérifié automatiquement,2025-12-04 15:50
21083381,image,vérifié automatiquement,2025-12-04 15:50
21083391,image,vérifié automatiquement,2025-12-04 15:50
21083401,image,vérifié automatiquement,2025-12-04 15:50
21098951,image,vérifié automatiquement,2025-12-04 15:50
21099071,image,vérifié automatiquement,2025-12-04 15:50
21099081,image,vérifié automatiquement,2025-12-04 15:50
21099091,image,vérifié automatiquement,2025-12-04 15:50
21099101,image,vérifié automatiquement,2025-12-04 15:50
21099121,image,vérifié automatiquement,2025-12-04 15:50
21099171,image,vérifié automatiquement,2025-12-04 15:50
21099191,image,vérifié automatiquement,2025-12-04 15:50
21099211,image,vérifié automatiquement,2025-12-04 15:50
21099231,image,vérifié automatiquement,2025-12-04 15:50
21099261,image,vérifié automatiquement,2025-12-04 15:50
21099331,image,vérifié automatiquement,2025-12-04 15:50
21099381,image,vérifié automatiquement,2025-12-04 15:50
21099451,image,vérifié automatiquement,2025-12-04 15:50
21099511,image,vérifié automatiquement,2025-12-04 15:50
21099521,image,vérifié automatiquement,2025-12-04 15:50
21099531,image,vérifié automatiquement,2025-12-04 15:50
21099541,image,vérifié automatiquement,2025-12-04 15:50
21099561,image,vérifié automatiquement,2025-12-04 15:50
21099601,image,vérifié automatiquement,2025-12-04 15:50
21099631,image,vérifié automatiquement,2025-12-04 15:50
21099651,image,vérifié automatiquement,2025-12-04 15:50
21099671,image,vérifié automatiquement,2025-12-04 15:50
21099711,image,vérifié automatiquement,2025-12-04 15:50
21099721,image,vérifié automatiquement,2025-12-04 15:50
21099741,image,vérifié automatiquement,2025-12-04 15:50
21099751,image,vérifié automatiquement,2025-12-04 15:50
21099761,image,vérifié automatiquement,2025-12-04 15:50
21099771,image,vérifié automatiquement,2025-12-04 15:50
21099781,image,vérifié automatiquement,2025-12-04 15:50
21099811,image,vérifié automatiquement,2025-12-04 15:50
21099821,image,vérifié automatiquement,2025-12-04 15:50
21099831,image,vérifié automatiquement,2025-12-04 15:50
21099841,image,vérifié automatiquement,2025-12-04 15:50
21099921,image,vérifié automatiquement,2025-12-04 15:50
21099931,image,vérifié automatiquement,2025-12-04 15:50
21099941,image,vérifié automatiquement,2025-12-04 15:50
21099971,image,vérifié automatiquement,2025-12-04 15:50
21099981,image,vérifié automatiquement,2025-12-04 15:50
21099991,image,vérifié automatiquement,2025-12-04 15:50
21100091,image,vérifié automatiquement,2025-12-04 15:50
21100131,image,vérifié automatiquement,2025-12-04 15:50
21100151,image,vérifié automatiquement,2025-12-04 15:50
21100191,image,vérifié automatiquement,2025-12-04 15:50
21100201,image,vérifié automatiquement,2025-12-04 15:50
21100241,image,vérifié automatiquement,2025-12-04 15:50
21100291,image,vérifié automatiquement,2025-12-04 15:50
21100301,image,vérifié automatiquement,2025-12-04 15:50
21100311,image,vérifié automatiquement,2025-12-04 15:50
21100331,image,vérifié automatiquement,2025-12-04 15:50
21100351,image,vérifié automatiquement,2025-12-04 15:50
21100401,image,vérifié automatiquement,2025-12-04 15:50
21100421,image,vérifié automatiquement,2025-12-04 15:50
21100431,image,vérifié automatiquement,2025-12-04 15:50
21100451,image,vérifié automatiquement,2025-12-04 15:50
21100471,image,vérifié automatiquement,2025-12-04 15:50
21100481,image,vérifié automatiquement,2025-12-04 15:50
21100501,image,vérifié automatiquement,2025-12-04 15:50
21100561,image,vérifié automatiquement,2025-12-04 15:50
21100571,image,vérifié automatiquement,2025-12-04 15:50
21100581,image,vérifié automatiquement,2025-12-04 15:50
21100671,image,vérifié automatiquement,2025-12-04 15:50
21100701,image,vérifié automatiquement,2025-12-04 15:50
21100721,image,vérifié automatiquement,2025-12-04 15:50
21100731,image,vérifié automatiquement,2025-12-04 15:50
21100761,image,vérifié automatiquement,2025-12-04 15:50
21100851,image,vérifié automatiquement,2025-12-04 15:50
21100871,image,vérifié automatiquement,2025-12-04 15:50
21100941,image,vérifié automatiquement,2025-12-04 15:50
21100951,image,vérifié automatiquement,2025-12-04 15:50
21100961,image,vérifié automatiquement,2025-12-04 15:50
21100971,image,vérifié automatiquement,2025-12-04 15:50
21101001,image,vérifié automatiquement,2025-12-04 15:50
21101011,image,vérifié automatiquement,2025-12-04 15:50
21101021,image,vérifié automatiquement,2025-12-04 15:50
21101031,image,vérifié automatiquement,2025-12-04 15:50
21101041,image,vérifié automatiquement,2025-12-04 15:50
21101081,image,vérifié automatiquement,2025-12-04 15:50
21101091,image,vérifié automatiquement,2025-12-04 15:50
21101101,image,vérifié automatiquement,2025-12-04 15:50
21101111,image,vérifié automatiquement,2025-12-04 15:50
21101121,image,vérifié automatiquement,2025-12-04 15:50
21101141,image,vérifié automatiquement,2025-12-04 15:50
21101151,image,vérifié automatiquement,2025-12-04 15:50
21101161,image,vérifié automatiquement,2025-12-04 15:50
21101171,image,vérifié automatiquement,2025-12-04 15:50
21101191,image,vérifié automatiquement,2025-12-04 15:50
21101231,image,vérifié automatiquement,2025-12-04 15:50
21101241,image,vérifié automatiquement,2025-12-04 15:50
21101281,image,vérifié automatiquement,2025-12-04 15:50
21101291,image,vérifié automatiquement,2025-12-04 15:50
21101301,image,vérifié automatiquement,2025-12-04 15:50
21101311,image,vérifié automatiquement,2025-12-04 15:50
21101331,image,vérifié automatiquement,2025-12-04 15:50
21101351,image,vérifié automatiquement,2025-12-04 15:50
21101371,image,vérifié automatiquement,2025-12-04 15:50
21101391,image,vérifié automatiquement,2025-12-04 15:50
21101401,image,vérifié automatiquement,2025-12-04 15:50
21101411,image,vérifié automatiquement,2025-12-04 15:50
21101421,image,vérifié automatiquement,2025-12-04 15:50
21101431,image,vérifié automatiquement,2025-12-04 15:50
21101441,image,vérifié automatiquement,2025-12-04 15:50
21101451,image,vérifié automatiquement,2025-12-04 15:50
21101611,image,vérifié automatiquement,2025-12-04 15:50
21101621,image,vérifié automatiquement,2025-12-04 15:50
21101631,image,vérifié automatiquement,2025-12-04 15:50
21101641,image,vérifié automatiquement,2025-12-04 15:50
21101651,image,vérifié automatiquement,2025-12-04 15:50
21101661,image,vérifié automatiquement,2025-12-04 15:50
21101711,image,vérifié automatiquement,2025-12-04 15:50
21101721,image,vérifié automatiquement,2025-12-04 15:50
21101771,image,vérifié automatiquement,2025-12-04 15:50
21101791,image,vérifié automatiquement,2025-12-04 15:50
21101801,image,vérifié automatiquement,2025-12-04 15:50
21101811,image,vérifié automatiquement,2025-12-04 15:50
21101821,image,vérifié automatiquement,2025-12-04 15:50
21101881,image,vérifié automatiquement,2025-12-04 15:50
21101941,image,vérifié automatiquement,2025-12-04 15:50
21101951,image,vérifié automatiquement,2025-12-04 15:50
21101981,image,vérifié automatiquement,2025-12-04 15:50
21102001,image,vérifié automatiquement,2025-12-04 15:50
21102021,image,vérifié automatiquement,2025-12-04 15:50
21102041,image,vérifié automatiquement,2025-12-04 15:50
21102051,image,vérifié automatiquement,2025-12-04 15:50
21102061,image,vérifié automatiquement,2025-12-04 15:50
21102071,image,vérifié automatiquement,2025-12-04 15:50
21102081,image,vérifié automatiquement,2025-12-04 15:50
21102091,image,vérifié automatiquement,2025-12-04 15:50
21102111,image,vérifié automatiquement,2025-12-04 15:50
21102121,image,vérifié automatiquement,2025-12-04 15:50
21102141,image,vérifié automatiquement,2025-12-04 15:50
21102171,image,vérifié automatiquement,2025-12-04 15:50
21102181,image,vérifié automatiquement,2025-12-04 15:50
21111581,image,vérifié automatiquement,2025-12-04 15:50
21111591,image,vérifié automatiquement,2025-12-04 15:50
21111601,image,vérifié automatiquement,2025-12-04 15:50
21111611,image,vérifié automatiquement,2025-12-04 15:50
21111631,image,vérifié automatiquement,2025-12-04 15:50
21111641,image,vérifié automatiquement,2025-12-04 15:50
21111651,image,vérifié automatiquement,2025-12-04 15:50
21111661,image,vérifié automatiquement,2025-12-04 15:50
21111671,image,vérifié automatiquement,2025-12-04 15:50
21111681,image,vérifié automatiquement,2025-12-04 15:50
21111691,image,vérifié automatiquement,2025-12-04 15:50
21111701,image,vérifié automatiquement,2025-12-04 15:50
21111711,image,vérifié automatiquement,2025-12-04 15:50
21111721,image,vérifié automatiquement,2025-12-04 15:50
21111751,image,vérifié automatiquement,2025-12-04 15:50
21111761,image,vérifié automatiquement,2025-12-04 15:50
21111781,image,vérifié automatiquement,2025-12-04 15:50
21111791,image,vérifié automatiquement,2025-12-04 15:50
21111801,image,vérifié automatiquement,2025-12-04 15:50
21111811,image,vérifié automatiquement,2025-12-04 15:50
21111821,image,vérifié automatiquement,2025-12-04 15:50
21111831,image,vérifié automatiquement,2025-12-04 15:50
21111841,image,vérifié automatiquement,2025-12-04 15:50
21111851,image,vérifié automatiquement,2025-12-04 15:50
21111861,image,vérifié automatiquement,2025-12-04 15:50
21111871,image,vérifié automatiquement,2025-12-04 15:50
21111881,image,vérifié automatiquement,2025-12-04 15:50
21111891,image,vérifié automatiquement,2025-12-04 15:50
21111901,image,vérifié automatiquement,2025-12-04 15:50
21111911,image,vérifié automatiquement,2025-12-04 15:50
21111921,image,vérifié automatiquement,2025-12-04 15:50
21111931,image,vérifié automatiquement,2025-12-04 15:50
21111941,image,vérifié automatiquement,2025-12-04 15:50
21111961,image,vérifié automatiquement,2025-12-04 15:50
21111971,image,vérifié automatiquement,2025-12-04 15:50
21111981,image,vérifié automatiquement,2025-12-04 15:50
21111991,image,vérifié automatiquement,2025-12-04 15:50
21112001,image,vérifié automatiquement,2025-12-04 15:50
21112011,image,vérifié automatiquement,2025-12-04 15:50
21112021,image,vérifié automatiquement,2025-12-04 15:50
21112031,image,vérifié automatiquement,2025-12-04 15:50
21112051,image,vérifié automatiquement,2025-12-04 15:50
21112061,image,vérifié automatiquement,2025-12-04 15:50
21112081,image,vérifié automatiquement,2025-12-04 15:50
21112091,image,vérifié automatiquement,2025-12-04 15:50
21112111,image,vérifié automatiquement,2025-12-04 15:50
21112121,image,vérifié automatiquement,2025-12-04 15:50
21112131,image,vérifié automatiquement,2025-12-04 15:50
21112141,image,vérifié automatiquement,2025-12-04 15:50
21112171,image,vérifié automatiquement,2025-12-04 15:50
21112181,image,vérifié automatiquement,2025-12-04 15:50
21112191,image,vérifié automatiquement,2025-12-04 15:50
21112201,image,vérifié automatiquement,2025-12-04 15:50
21112211,image,vérifié automatiquement,2025-12-04 15:50
21112221,image,vérifié automatiquement,2025-12-04 15:50
21112231,image,vérifié automatiquement,2025-12-04 15:50
21112241,image,vérifié automatiquement,2025-12-04 15:50
21112251,image,vérifié automatiquement,2025-12-04 15:50
21112271,image,vérifié automatiquement,2025-12-04 15:50
21112281,image,vérifié automatiquement,2025-12-04 15:50
21112291,image,vérifié automatiquement,2025-12-04 15:50
21112311,image,vérifié automatiquement,2025-12-04 15:50
21112321,image,vérifié automatiquement,2025-12-04 15:50
21112331,image,vérifié automatiquement,2025-12-04 15:50
21112351,image,vérifié automatiquement,2025-12-04 15:50
21112361,image,vérifié automatiquement,2025-12-04 15:50
21112381,image,vérifié automatiquement,2025-12-04 15:50
21112391,image,vérifié automatiquement,2025-12-04 15:50
21112401,image,vérifié automatiquement,2025-12-04 15:50
21112411,image,vérifié automatiquement,2025-12-04 15:50
21112421,image,vérifié automatiquement,2025-12-04 15:50
21112431,image,vérifié automatiquement,2025-12-04 15:50
21112441,image,vérifié automatiquement,2025-12-04 15:50
21112451,image,vérifié automatiquement,2025-12-04 15:50
21112461,image,vérifié automatiquement,2025-12-04 15:50
21112471,image,vérifié automatiquement,2025-12-04 15:50
21112481,image,vérifié automatiquement,2025-12-04 15:50
21112491,image,vérifié automatiquement,2025-12-04 15:50
21112501,image,vérifié automatiquement,2025-12-04 15:50
21112511,image,vérifié automatiquement,2025-12-04 15:50
21112531,image,vérifié automatiquement,2025-12-04 15:50
21112541,image,vérifié automatiquement,2025-12-04 15:50
21112551,image,vérifié automatiquement,2025-12-04 15:50
21112561,image,vérifié automatiquement,2025-12-04 15:50
21112581,image,vérifié automatiquement,2025-12-04 15:50
21112591,image,vérifié automatiquement,2025-12-04 15:50
21112611,image,vérifié automatiquement,2025-12-04 15:50
21112621,image,vérifié automatiquement,2025-12-04 15:50
21112631,image,vérifié automatiquement,2025-12-04 15:50
21112641,image,vérifié automatiquement,2025-12-04 15:50
21112651,image,vérifié automatiquement,2025-12-04 15:50
21112661,image,vérifié automatiquement,2025-12-04 15:50
21112671,image,vérifié automatiquement,2025-12-04 15:50
21112681,image,vérifié automatiquement,2025-12-04 15:50
21112691,image,vérifié automatiquement,2025-12-04 15:50
21112701,image,vérifié automatiquement,2025-12-04 15:50
21112841,image,vérifié automatiquement,2025-12-04 15:50
21112851,image,vérifié automatiquement,2025-12-04 15:50
21112861,image,vérifié automatiquement,2025-12-04 15:50
21117911,image,vérifié automatiquement,2025-12-04 15:50
21117921,image,vérifié automatiquement,2025-12-04 15:50
21117941,image,vérifié automatiquement,2025-12-04 15:50
21117951,image,vérifié automatiquement,2025-12-04 15:50
212761811,image,vérifié automatiquement,2025-12-04 15:50
212761821,image,vérifié automatiquement,2025-12-04 15:50
212761831,image,vérifié automatiquement,2025-12-04 15:50
212761841,image,vérifié automatiquement,2025-12-04 15:50
212761851,image,vérifié automatiquement,2025-12-04 15:50
212761871,image,vérifié automatiquement,2025-12-04 15:50
213069201,image,vérifié automatiquement,2025-12-04 15:50
213069221,image,vérifié automatiquement,2025-12-04 15:50
213069251,image,vérifié automatiquement,2025-12-04 15:50
213069281,image,vérifié automatiquement,2025-12-04 15:50
213069341,image,vérifié automatiquement,2025-12-04 15:50
213069361,image,vérifié automatiquement,2025-12-04 15:50
213069391,image,vérifié automatiquement,2025-12-04 15:50
213069471,image,vérifié automatiquement,2025-12-04 15:50
213069481,image,vérifié automatiquement,2025-12-04 15:50
213069501,image,vérifié automatiquement,2025-12-04 15:50
213069531,image,vérifié automatiquement,2025-12-04 15:50
213069561,image,vérifié automatiquement,2025-12-04 15:50
213069591,image,vérifié automatiquement,2025-12-04 15:50
213069701,image,vérifié automatiquement,2025-12-04 15:50
213069711,image,vérifié automatiquement,2025-12-04 15:50
213076431,image,vérifié automatiquement,2025-12-04 15:50
213076461,image,vérifié automatiquement,2025-12-04 15:50
213076481,image,vérifié automatiquement,2025-12-04 15:50
213076491,image,vérifié automatiquement,2025-12-04 15:50
213076541,image,vérifié automatiquement,2025-12-04 15:50
213076551,image,vérifié automatiquement,2025-12-04 15:50
213076561,image,vérifié automatiquement,2025-12-04 15:50
213076591,image,vérifié automatiquement,2025-12-04 15:50
213076601,image,vérifié automatiquement,2025-12-04 15:50
213083011,image,vérifié automatiquement,2025-12-04 15:50
213083201,image,vérifié automatiquement,2025-12-04 15:50
213084301,image,vérifié automatiquement,2025-12-04 15:50
213362331,image,vérifié automatiquement,2025-12-04 15:50
213362351,image,vérifié automatiquement,2025-12-04 15:50
213362361,image,vérifié automatiquement,2025-12-04 15:50
213362381,image,vérifié automatiquement,2025-12-04 15:50
213362441,image,vérifié automatiquement,2025-12-04 15:50
213362461,image,vérifié automatiquement,2025-12-04 15:50
213362481,image,vérifié automatiquement,2025-12-04 15:50
213363201,image,vérifié automatiquement,2025-12-04 15:50
213363601,image,vérifié automatiquement,2025-12-04 15:50
213363991,image,vérifié automatiquement,2025-12-04 15:50
213364031,image,vérifié automatiquement,2025-12-04 15:50
213364601,image,vérifié automatiquement,2025-12-04 15:50
213364641,image,vérifié automatiquement,2025-12-04 15:50
213365241,image,vérifié automatiquement,2025-12-04 15:50
213365531,image,vérifié automatiquement,2025-12-04 15:50
213366941,image,vérifié automatiquement,2025-12-04 15:50
213366981,image,vérifié automatiquement,2025-12-04 15:50
213627371,image,vérifié automatiquement,2025-12-04 15:50
213627411,image,vérifié automatiquement,2025-12-04 15:50
213627431,image,vérifié automatiquement,2025-12-04 15:50
213627471,image,vérifié automatiquement,2025-12-04 15:50
213627481,image,vérifié automatiquement,2025-12-04 15:50
213627491,image,vérifié automatiquement,2025-12-04 15:50
213653381,image,vérifié automatiquement,2025-12-04 15:50
213653461,image,vérifié automatiquement,2025-12-04 15:50
213653481,image,vérifié automatiquement,2025-12-04 15:50
213653491,image,vérifié automatiquement,2025-12-04 15:50
213653501,image,vérifié automatiquement,2025-12-04 15:50
213653521,image,vérifié automatiquement,2025-12-04 15:50
213653591,image,vérifié automatiquement,2025-12-04 15:50
213653641,image,vérifié automatiquement,2025-12-04 15:50
213653731,image,vérifié automatiquement,2025-12-04 15:50
213653771,image,vérifié automatiquement,2025-12-04 15:50
213654021,image,vérifié automatiquement,2025-12-04 15:50
213654031,image,vérifié automatiquement,2025-12-04 15:50
213697951,image,vérifié automatiquement,2025-12-04 15:50
213697961,image,vérifié automatiquement,2025-12-04 15:50
213697981,image,vérifié automatiquement,2025-12-04 15:50
213698061,image,vérifié automatiquement,2025-12-04 15:50
213698071,image,vérifié automatiquement,2025-12-04 15:50
213698081,image,vérifié automatiquement,2025-12-04 15:50
213698131,image,vérifié automatiquement,2025-12-04 15:50
213698151,image,vérifié automatiquement,2025-12-04 15:50
213698161,image,vérifié automatiquement,2025-12-04 15:50
213866051,image,vérifié automatiquement,2025-12-04 15:50
213866061,image,vérifié automatiquement,2025-12-04 15:50
213867441,image,vérifié automatiquement,2025-12-04 15:50
213867451,image,vérifié automatiquement,2025-12-04 15:50
213867461,image,vérifié automatiquement,2025-12-04 15:50
214039991,image,vérifié automatiquement,2025-12-04 15:50
214040131,image,vérifié automatiquement,2025-12-04 15:50
214040141,image,vérifié automatiquement,2025-12-04 15:50
214040161,image,vérifié automatiquement,2025-12-04 15:50
214040601,image,vérifié automatiquement,2025-12-04 15:50
214040711,image,vérifié automatiquement,2025-12-04 15:50
214046071,image,vérifié automatiquement,2025-12-04 15:50
214107811,image,vérifié automatiquement,2025-12-04 15:50
214297901,image,vérifié automatiquement,2025-12-04 15:50
214297941,image,vérifié automatiquement,2025-12-04 15:50
214297971,image,vérifié automatiquement,2025-12-04 15:50
214297981,image,vérifié automatiquement,2025-12-04 15:50
214297991,image,vérifié automatiquement,2025-12-04 15:50
214298001,image,vérifié automatiquement,2025-12-04 15:50
214298031,image,vérifié automatiquement,2025-12-04 15:50
214298241,image,vérifié automatiquement,2025-12-04 15:50
214298301,image,vérifié automatiquement,2025-12-04 15:50
214515041,son,pas d'image 480 disponible,2025-12-04 15:50
214552701,image,vérifié automatiquement,2025-12-04 15:50
214552721,image,vérifié automatiquement,2025-12-04 15:50
214757311,image,vérifié automatiquement,2025-12-04 15:50
214757321,image,vérifié automatiquement,2025-12-04 15:50
214757331,image,vérifié automatiquement,2025-12-04 15:50
214757341,image,vérifié automatiquement,2025-12-04 15:50
214757701,image,vérifié automatiquement,2025-12-04 15:50
214757781,image,vérifié automatiquement,2025-12-04 15:50
214757811,image,vérifié automatiquement,2025-12-04 15:50
214757821,image,vérifié automatiquement,2025-12-04 15:50
214757851,image,vérifié automatiquement,2025-12-04 15:50
214840281,image,vérifié automatiquement,2025-12-04 15:50
214840311,image,vérifié automatiquement,2025-12-04 15:50
214840321,image,vérifié automatiquement,2025-12-04 15:50
214840341,image,vérifié automatiquement,2025-12-04 15:50
214840351,image,vérifié automatiquement,2025-12-04 15:50
221214871,image,vérifié automatiquement,2025-12-04 15:50
221215171,image,vérifié automatiquement,2025-12-04 15:50
221215261,image,vérifié automatiquement,2025-12-04 15:50
222904151,image,vérifié automatiquement,2025-12-04 15:50
222904191,image,vérifié automatiquement,2025-12-04 15:50
222904231,image,vérifié automatiquement,2025-12-04 15:50
22361261,image,vérifié automatiquement,2025-12-04 15:50
22361381,image,vérifié automatiquement,2025-12-04 15:50
22361391,image,vérifié automatiquement,2025-12-04 15:50
22361431,image,vérifié automatiquement,2025-12-04 15:50
22361441,image,vérifié automatiquement,2025-12-04 15:50
22361451,image,vérifié automatiquement,2025-12-04 15:50
22361471,image,vérifié automatiquement,2025-12-04 15:50
22361481,image,vérifié automatiquement,2025-12-04 15:50
22361541,image,vérifié automatiquement,2025-12-04 15:50
22361551,image,vérifié automatiquement,2025-12-04 15:50
22361561,image,vérifié automatiquement,2025-12-04 15:50
22361571,image,vérifié automatiquement,2025-12-04 15:50
22361581,image,vérifié automatiquement,2025-12-04 15:50
22361591,image,vérifié automatiquement,2025-12-04 15:50
22361601,image,vérifié automatiquement,2025-12-04 15:50
22361611,image,vérifié automatiquement,2025-12-04 15:50
22361621,image,vérifié automatiquement,2025-12-04 15:50
22361631,image,vérifié automatiquement,2025-12-04 15:50
22361711,image,vérifié automatiquement,2025-12-04 15:50
22361721,image,vérifié automatiquement,2025-12-04 15:50
22361731,image,vérifié automatiquement,2025-12-04 15:50
22361761,image,vérifié automatiquement,2025-12-04 15:50
22361951,image,vérifié automatiquement,2025-12-04 15:50
22361991,image,vérifié automatiquement,2025-12-04 15:50
22362141,image,vérifié automatiquement,2025-12-04 15:50
22362151,image,vérifié automatiquement,2025-12-04 15:50
22362171,image,vérifié automatiquement,2025-12-04 15:50
22362181,image,vérifié automatiquement,2025-12-04 15:50
22362191,image,vérifié automatiquement,2025-12-04 15:50
22362201,image,vérifié automatiquement,2025-12-04 15:50
22362211,image,vérifié automatiquement,2025-12-04 15:50
22362251,image,vérifié automatiquement,2025-12-04 15:50
22362271,image,vérifié automatiquement,2025-12-04 15:50
22362321,image,vérifié automatiquement,2025-12-04 15:50
22362331,image,vérifié automatiquement,2025-12-04 15:50
22362341,image,vérifié automatiquement,2025-12-04 15:50
22362351,image,vérifié automatiquement,2025-12-04 15:50
22362371,image,vérifié automatiquement,2025-12-04 15:50
22362381,image,vérifié automatiquement,2025-12-04 15:50
22362391,image,vérifié automatiquement,2025-12-04 15:50
22362451,image,vérifié automatiquement,2025-12-04 15:50
22362481,image,vérifié automatiquement,2025-12-04 15:50
22362491,image,vérifié automatiquement,2025-12-04 15:50
22362501,image,vérifié automatiquement,2025-12-04 15:50
22362511,image,vérifié automatiquement,2025-12-04 15:50
22362521,image,vérifié automatiquement,2025-12-04 15:50
22362531,image,vérifié automatiquement,2025-12-04 15:50
22362541,image,vérifié automatiquement,2025-12-04 15:50
22362571,image,vérifié automatiquement,2025-12-04 15:50
22362591,image,vérifié automatiquement,2025-12-04 15:50
22362601,image,vérifié automatiquement,2025-12-04 15:50
22362611,image,vérifié automatiquement,2025-12-04 15:50
22363901,image,vérifié automatiquement,2025-12-04 15:50
22363921,image,vérifié automatiquement,2025-12-04 15:50
22363941,image,vérifié automatiquement,2025-12-04 15:50
22363961,image,vérifié automatiquement,2025-12-04 15:50
22366471,image,vérifié automatiquement,2025-12-04 15:50
22366481,image,vérifié automatiquement,2025-12-04 15:50
22366491,image,vérifié automatiquement,2025-12-04 15:50
22366501,image,vérifié automatiquement,2025-12-04 15:50
22366541,image,vérifié automatiquement,2025-12-04 15:50
22366571,image,vérifié automatiquement,2025-12-04 15:50
22366591,image,vérifié automatiquement,2025-12-04 15:50
22366641,image,vérifié automatiquement,2025-12-04 15:50
22366651,image,vérifié automatiquement,2025-12-04 15:50
22366661,image,vérifié automatiquement,2025-12-04 15:50
22366711,image,vérifié automatiquement,2025-12-04 15:50
22366761,image,vérifié automatiquement,2025-12-04 15:50
22366771,image,vérifié automatiquement,2025-12-04 15:50
22366781,image,vérifié automatiquement,2025-12-04 15:50
22366841,image,vérifié automatiquement,2025-12-04 15:50
22366881,image,vérifié automatiquement,2025-12-04 15:50
22366891,image,vérifié automatiquement,2025-12-04 15:50
22366911,image,vérifié automatiquement,2025-12-04 15:50
22366931,image,vérifié automatiquement,2025-12-04 15:50
22366941,image,vérifié automatiquement,2025-12-04 15:50
22366971,image,vérifié automatiquement,2025-12-04 15:50
22366981,image,vérifié automatiquement,2025-12-04 15:50
22366991,image,vérifié automatiquement,2025-12-04 15:50
22367011,image,vérifié automatiquement,2025-12-04 15:50
22367031,image,vérifié automatiquement,2025-12-04 15:50
22367051,image,vérifié automatiquement,2025-12-04 15:50
22367061,image,vérifié automatiquement,2025-12-04 15:50
22367071,image,vérifié automatiquement,2025-12-04 15:50
22367091,image,vérifié automatiquement,2025-12-04 15:50
22367101,image,vérifié automatiquement,2025-12-04 15:50
22367111,image,vérifié automatiquement,2025-12-04 15:50
22367141,image,vérifié automatiquement,2025-12-04 15:50
22367151,image,vérifié automatiquement,2025-12-04 15:50
22367161,image,vérifié automatiquement,2025-12-04 15:50
22367261,image,vérifié automatiquement,2025-12-04 15:50
22367271,image,vérifié automatiquement,2025-12-04 15:50
22367391,image,vérifié automatiquement,2025-12-04 15:50
22367401,image,vérifié automatiquement,2025-12-04 15:50
22367411,image,vérifié automatiquement,2025-12-04 15:50
22367421,image,vérifié automatiquement,2025-12-04 15:50
22367431,image,vérifié automatiquement,2025-12-04 15:50
22367551,image,vérifié automatiquement,2025-12-04 15:50
22367581,image,vérifié automatiquement,2025-12-04 15:50
22367631,image,vérifié automatiquement,2025-12-04 15:50
22368211,image,vérifié automatiquement,2025-12-04 15:50
22368281,image,vérifié automatiquement,2025-12-04 15:50
22368291,image,vérifié automatiquement,2025-12-04 15:50
22368301,image,vérifié automatiquement,2025-12-04 15:50
22368321,image,vérifié automatiquement,2025-12-04 15:50
22368341,image,vérifié automatiquement,2025-12-04 15:50
22368351,image,vérifié automatiquement,2025-12-04 15:50
22368411,image,vérifié automatiquement,2025-12-04 15:50
22368451,image,vérifié automatiquement,2025-12-04 15:50
22368461,image,vérifié automatiquement,2025-12-04 15:50
22368471,image,vérifié automatiquement,2025-12-04 15:50
22368481,image,vérifié automatiquement,2025-12-04 15:50
22368491,image,vérifié automatiquement,2025-12-04 15:50
22368521,image,vérifié automatiquement,2025-12-04 15:50
22368531,image,vérifié automatiquement,2025-12-04 15:50
22368541,image,vérifié automatiquement,2025-12-04 15:50
22368601,image,vérifié automatiquement,2025-12-04 15:50
22368611,image,vérifié automatiquement,2025-12-04 15:50
22368621,image,vérifié automatiquement,2025-12-04 15:50
22368641,image,vérifié automatiquement,2025-12-04 15:50
22368651,image,vérifié automatiquement,2025-12-04 15:50
22368661,image,vérifié automatiquement,2025-12-04 15:50
22368681,image,vérifié automatiquement,2025-12-04 15:50
22368731,image,vérifié automatiquement,2025-12-04 15:50
22368761,image,vérifié automatiquement,2025-12-04 15:50
22368771,image,vérifié automatiquement,2025-12-04 15:50
22368781,image,vérifié automatiquement,2025-12-04 15:50
22368811,image,vérifié automatiquement,2025-12-04 15:50
22368821,image,vérifié automatiquement,2025-12-04 15:50
22368831,image,vérifié automatiquement,2025-12-04 15:50
22368921,image,vérifié automatiquement,2025-12-04 15:50
22368961,image,vérifié automatiquement,2025-12-04 15:50
22369011,image,vérifié automatiquement,2025-12-04 15:50
22369021,image,vérifié automatiquement,2025-12-04 15:50
22369031,image,vérifié automatiquement,2025-12-04 15:50
22369041,image,vérifié automatiquement,2025-12-04 15:50
22369081,image,vérifié automatiquement,2025-12-04 15:50
22369091,image,vérifié automatiquement,2025-12-04 15:50
22369101,image,vérifié automatiquement,2025-12-04 15:50
22369131,image,vérifié automatiquement,2025-12-04 15:50
22369161,image,vérifié automatiquement,2025-12-04 15:50
22369231,image,vérifié automatiquement,2025-12-04 15:50
22369281,image,vérifié automatiquement,2025-12-04 15:50
22369291,image,vérifié automatiquement,2025-12-04 15:50
22369301,image,vérifié automatiquement,2025-12-04 15:50
22369311,image,vérifié automatiquement,2025-12-04 15:50
22369391,image,vérifié automatiquement,2025-12-04 15:50
22369401,image,vérifié automatiquement,2025-12-04 15:50
22369461,image,vérifié automatiquement,2025-12-04 15:50
22369471,image,vérifié automatiquement,2025-12-04 15:50
22369491,image,vérifié automatiquement,2025-12-04 15:50
22369521,image,vérifié automatiquement,2025-12-04 15:50
22369561,image,vérifié automatiquement,2025-12-04 15:50
22369611,image,vérifié automatiquement,2025-12-04 15:50
22369621,image,vérifié automatiquement,2025-12-04 15:50
22369681,image,vérifié automatiquement,2025-12-04 15:50
22369691,image,vérifié automatiquement,2025-12-04 15:50
22369721,image,vérifié automatiquement,2025-12-04 15:50
22369731,image,vérifié automatiquement,2025-12-04 15:50
22369741,image,vérifié automatiquement,2025-12-04 15:50
22369811,image,vérifié automatiquement,2025-12-04 15:50
22369831,image,vérifié automatiquement,2025-12-04 15:50
22369841,image,vérifié automatiquement,2025-12-04 15:50
22369851,image,vérifié automatiquement,2025-12-04 15:50
22369881,image,vérifié automatiquement,2025-12-04 15:50
22369911,image,vérifié automatiquement,2025-12-04 15:50
22369981,image,vérifié automatiquement,2025-12-04 15:50
22370001,image,vérifié automatiquement,2025-12-04 15:50
22370041,image,vérifié automatiquement,2025-12-04 15:50
22370051,image,vérifié automatiquement,2025-12-04 15:50
22370061,image,vérifié automatiquement,2025-12-04 15:50
22370071,image,vérifié automatiquement,2025-12-04 15:50
22370181,image,vérifié automatiquement,2025-12-04 15:50
22370291,image,vérifié automatiquement,2025-12-04 15:50
22370381,image,vérifié automatiquement,2025-12-04 15:50
22370471,image,vérifié automatiquement,2025-12-04 15:50
22374771,image,vérifié automatiquement,2025-12-04 15:50
22374781,image,vérifié automatiquement,2025-12-04 15:50
22374791,image,vérifié automatiquement,2025-12-04 15:50
22374891,image,vérifié automatiquement,2025-12-04 15:50
22374931,image,vérifié automatiquement,2025-12-04 15:50
22374951,image,vérifié automatiquement,2025-12-04 15:50
22375001,image,vérifié automatiquement,2025-12-04 15:50
22375011,image,vérifié automatiquement,2025-12-04 15:50
22375021,image,vérifié automatiquement,2025-12-04 15:50
22375071,image,vérifié automatiquement,2025-12-04 15:50
22375081,image,vérifié automatiquement,2025-12-04 15:50
22375091,image,vérifié automatiquement,2025-12-04 15:50
22375111,image,vérifié automatiquement,2025-12-04 15:50
22375121,image,vérifié automatiquement,2025-12-04 15:50
22375131,image,vérifié automatiquement,2025-12-04 15:50
22375261,image,vérifié automatiquement,2025-12-04 15:50
22375361,image,vérifié automatiquement,2025-12-04 15:50
22375381,image,vérifié automatiquement,2025-12-04 15:50
22375401,image,vérifié automatiquement,2025-12-04 15:50
22375411,image,vérifié automatiquement,2025-12-04 15:50
22375421,image,vérifié automatiquement,2025-12-04 15:50
22375451,image,vérifié automatiquement,2025-12-04 15:50
22375461,image,vérifié automatiquement,2025-12-04 15:50
22376161,image,vérifié automatiquement,2025-12-04 15:50
22376201,image,vérifié automatiquement,2025-12-04 15:50
22376211,image,vérifié automatiquement,2025-12-04 15:50
22376221,image,vérifié automatiquement,2025-12-04 15:50
22376231,image,vérifié automatiquement,2025-12-04 15:50
22376241,image,vérifié automatiquement,2025-12-04 15:50
22376261,image,vérifié automatiquement,2025-12-04 15:50
22376291,image,vérifié automatiquement,2025-12-04 15:50
22376301,image,vérifié automatiquement,2025-12-04 15:50
22376321,image,vérifié automatiquement,2025-12-04 15:50
22376331,image,vérifié automatiquement,2025-12-04 15:50
22376351,image,vérifié automatiquement,2025-12-04 15:50
22376361,image,vérifié automatiquement,2025-12-04 15:50
22376371,image,vérifié automatiquement,2025-12-04 15:50
22376381,image,vérifié automatiquement,2025-12-04 15:50
22376391,image,vérifié automatiquement,2025-12-04 15:50
22376431,image,vérifié automatiquement,2025-12-04 15:50
22376451,image,vérifié automatiquement,2025-12-04 15:50
22376471,image,vérifié automatiquement,2025-12-04 15:50
22376491,image,vérifié automatiquement,2025-12-04 15:50
22376501,image,vérifié automatiquement,2025-12-04 15:50
22376721,image,vérifié automatiquement,2025-12-04 15:50
22376741,image,vérifié automatiquement,2025-12-04 15:50
22376751,image,vérifié automatiquement,2025-12-04 15:50
22376781,image,vérifié automatiquement,2025-12-04 15:50
22376851,image,vérifié automatiquement,2025-12-04 15:50
22376921,image,vérifié automatiquement,2025-12-04 15:50
22376931,image,vérifié automatiquement,2025-12-04 15:50
22376951,image,vérifié automatiquement,2025-12-04 15:50
22377021,image,vérifié automatiquement,2025-12-04 15:50
22377031,image,vérifié automatiquement,2025-12-04 15:50
22377061,image,vérifié automatiquement,2025-12-04 15:50
22377071,image,vérifié automatiquement,2025-12-04 15:50
22377081,image,vérifié automatiquement,2025-12-04 15:50
22377121,image,vérifié automatiquement,2025-12-04 15:50
22377151,image,vérifié automatiquement,2025-12-04 15:50
22389371,image,vérifié automatiquement,2025-12-04 15:50
22389381,image,vérifié automatiquement,2025-12-04 15:50
22389391,image,vérifié automatiquement,2025-12-04 15:50
22389401,image,vérifié automatiquement,2025-12-04 15:50
22389411,image,vérifié automatiquement,2025-12-04 15:50
22389421,image,vérifié automatiquement,2025-12-04 15:50
22389821,image,vérifié automatiquement,2025-12-04 15:50
22389841,image,vérifié automatiquement,2025-12-04 15:50
22390971,image,vérifié automatiquement,2025-12-04 15:50
22390991,image,vérifié automatiquement,2025-12-04 15:50
22391011,image,vérifié automatiquement,2025-12-04 15:50
22391041,image,vérifié automatiquement,2025-12-04 15:50
22391331,image,vérifié automatiquement,2025-12-04 15:50
22391341,image,vérifié automatiquement,2025-12-04 15:50
22391361,image,vérifié automatiquement,2025-12-04 15:50
22391371,image,vérifié automatiquement,2025-12-04 15:50
22391391,image,vérifié automatiquement,2025-12-04 15:50
22392431,image,vérifié automatiquement,2025-12-04 15:50
22392441,image,vérifié automatiquement,2025-12-04 15:50
22392451,image,vérifié automatiquement,2025-12-04 15:50
22392481,image,vérifié automatiquement,2025-12-04 15:50
22392501,image,vérifié automatiquement,2025-12-04 15:50
22392511,image,vérifié automatiquement,2025-12-04 15:50
22392541,image,vérifié automatiquement,2025-12-04 15:50
22392561,image,vérifié automatiquement,2025-12-04 15:50
22392581,image,vérifié automatiquement,2025-12-04 15:50
22392591,image,vérifié automatiquement,2025-12-04 15:50
22393771,image,vérifié automatiquement,2025-12-04 15:50
22393781,image,vérifié automatiquement,2025-12-04 15:50
22393791,image,vérifié automatiquement,2025-12-04 15:50
22393801,image,vérifié automatiquement,2025-12-04 15:50
22393841,image,vérifié automatiquement,2025-12-04 15:50
22393861,image,vérifié automatiquement,2025-12-04 15:50
22393871,image,vérifié automatiquement,2025-12-04 15:50
22393901,image,vérifié automatiquement,2025-12-04 15:50
22393921,image,vérifié automatiquement,2025-12-04 15:50
22393951,image,vérifié automatiquement,2025-12-04 15:50
22393961,image,vérifié automatiquement,2025-12-04 15:50
22393971,image,vérifié automatiquement,2025-12-04 15:50
22393991,image,vérifié automatiquement,2025-12-04 15:50
22394001,image,vérifié automatiquement,2025-12-04 15:50
22394011,image,vérifié automatiquement,2025-12-04 15:50
22394021,image,vérifié automatiquement,2025-12-04 15:50
22394041,image,vérifié automatiquement,2025-12-04 15:50
22394051,image,vérifié automatiquement,2025-12-04 15:50
22394081,image,vérifié automatiquement,2025-12-04 15:50
22394091,image,vérifié automatiquement,2025-12-04 15:50
22394101,image,vérifié automatiquement,2025-12-04 15:50
22394111,image,vérifié automatiquement,2025-12-04 15:50
22394151,image,vérifié automatiquement,2025-12-04 15:50
22394171,image,vérifié automatiquement,2025-12-04 15:50
22394191,image,vérifié automatiquement,2025-12-04 15:50
22394211,image,vérifié automatiquement,2025-12-04 15:50
22394221,image,vérifié automatiquement,2025-12-04 15:50
22394231,image,vérifié automatiquement,2025-12-04 15:50
22394251,image,vérifié automatiquement,2025-12-04 15:50
22394261,image,vérifié automatiquement,2025-12-04 15:50
22394281,image,vérifié automatiquement,2025-12-04 15:50
22394291,image,vérifié automatiquement,2025-12-04 15:50
22394351,image,vérifié automatiquement,2025-12-04 15:50
22394361,image,vérifié automatiquement,2025-12-04 15:50
22394431,image,vérifié automatiquement,2025-12-04 15:50
22394441,image,vérifié automatiquement,2025-12-04 15:50
22394451,image,vérifié automatiquement,2025-12-04 15:50
22394461,image,vérifié automatiquement,2025-12-04 15:50
22394471,image,vérifié automatiquement,2025-12-04 15:50
22394701,image,vérifié automatiquement,2025-12-04 15:50
22394721,image,vérifié automatiquement,2025-12-04 15:50
22394731,image,vérifié automatiquement,2025-12-04 15:50
22394741,image,vérifié automatiquement,2025-12-04 15:50
22395061,image,vérifié automatiquement,2025-12-04 15:50
22395071,image,vérifié automatiquement,2025-12-04 15:50
22395111,image,vérifié automatiquement,2025-12-04 15:50
22395121,image,vérifié automatiquement,2025-12-04 15:50
22395131,image,vérifié automatiquement,2025-12-04 15:50
22395141,image,vérifié automatiquement,2025-12-04 15:50
22395151,image,vérifié automatiquement,2025-12-04 15:50
22395171,image,vérifié automatiquement,2025-12-04 15:50
22396201,image,vérifié automatiquement,2025-12-04 15:50
22396211,image,vérifié automatiquement,2025-12-04 15:50
22396461,image,vérifié automatiquement,2025-12-04 15:50
22396481,image,vérifié automatiquement,2025-12-04 15:50
22396501,image,vérifié automatiquement,2025-12-04 15:50
22396601,image,vérifié automatiquement,2025-12-04 15:50
22396611,image,vérifié automatiquement,2025-12-04 15:50
22396621,image,vérifié automatiquement,2025-12-04 15:50
22396631,image,vérifié automatiquement,2025-12-04 15:50
22396651,image,vérifié automatiquement,2025-12-04 15:50
22396661,image,vérifié automatiquement,2025-12-04 15:50
22396671,image,vérifié automatiquement,2025-12-04 15:50
22396701,image,vérifié automatiquement,2025-12-04 15:50
22396711,image,vérifié automatiquement,2025-12-04 15:50
22396731,image,vérifié automatiquement,2025-12-04 15:50
22396761,image,vérifié automatiquement,2025-12-04 15:50
22396771,image,vérifié automatiquement,2025-12-04 15:50
22396781,image,vérifié automatiquement,2025-12-04 15:50
22396791,image,vérifié automatiquement,2025-12-04 15:50
22396801,image,vérifié automatiquement,2025-12-04 15:50
22396821,image,vérifié automatiquement,2025-12-04 15:50
22396831,image,vérifié automatiquement,2025-12-04 15:50
22396841,image,vérifié automatiquement,2025-12-04 15:50
22396851,image,vérifié automatiquement,2025-12-04 15:50
22396861,image,vérifié automatiquement,2025-12-04 15:50
22396871,image,vérifié automatiquement,2025-12-04 15:50
22396881,image,vérifié automatiquement,2025-12-04 15:50
22396891,image,vérifié automatiquement,2025-12-04 15:50
22396901,image,vérifié automatiquement,2025-12-04 15:50
22396941,image,vérifié automatiquement,2025-12-04 15:50
22396951,image,vérifié automatiquement,2025-12-04 15:50
22396961,image,vérifié automatiquement,2025-12-04 15:50
22396971,image,vérifié automatiquement,2025-12-04 15:50
22396981,image,vérifié automatiquement,2025-12-04 15:50
22397001,image,vérifié automatiquement,2025-12-04 15:50
22397011,image,vérifié automatiquement,2025-12-04 15:50
22397021,image,vérifié automatiquement,2025-12-04 15:50
22397031,image,vérifié automatiquement,2025-12-04 15:50
22397041,image,vérifié automatiquement,2025-12-04 15:50
22397051,image,vérifié automatiquement,2025-12-04 15:50
22397301,image,vérifié automatiquement,2025-12-04 15:50
22397311,image,vérifié automatiquement,2025-12-04 15:50
22397351,image,vérifié automatiquement,2025-12-04 15:50
22397361,image,vérifié automatiquement,2025-12-04 15:50
22397371,image,vérifié automatiquement,2025-12-04 15:50
22397381,image,vérifié automatiquement,2025-12-04 15:50
22397391,image,vérifié automatiquement,2025-12-04 15:50
22397401,image,vérifié automatiquement,2025-12-04 15:50
22399331,image,vérifié automatiquement,2025-12-04 15:50
22399371,image,vérifié automatiquement,2025-12-04 15:50
22399421,image,vérifié automatiquement,2025-12-04 15:50
22399461,image,vérifié automatiquement,2025-12-04 15:50
22399471,image,vérifié automatiquement,2025-12-04 15:50
22399481,image,vérifié automatiquement,2025-12-04 15:50
22399491,image,vérifié automatiquement,2025-12-04 15:50
22399501,image,vérifié automatiquement,2025-12-04 15:50
22399531,image,vérifié automatiquement,2025-12-04 15:50
22399551,image,vérifié automatiquement,2025-12-04 15:50
22399561,image,vérifié automatiquement,2025-12-04 15:50
22399571,image,vérifié automatiquement,2025-12-04 15:50
22399581,image,vérifié automatiquement,2025-12-04 15:50
22399591,image,vérifié automatiquement,2025-12-04 15:50
22399611,image,vérifié automatiquement,2025-12-04 15:50
22399621,image,vérifié automatiquement,2025-12-04 15:50
22399651,image,vérifié automatiquement,2025-12-04 15:50
22401381,image,vérifié automatiquement,2025-12-04 15:50
22401401,image,vérifié automatiquement,2025-12-04 15:50
22401421,image,vérifié automatiquement,2025-12-04 15:50
22401431,image,vérifié automatiquement,2025-12-04 15:50
22401531,image,vérifié automatiquement,2025-12-04 15:50
22401551,image,vérifié automatiquement,2025-12-04 15:50
22401581,image,vérifié automatiquement,2025-12-04 15:50
22401591,image,vérifié automatiquement,2025-12-04 15:50
22401601,image,vérifié automatiquement,2025-12-04 15:50
22401611,image,vérifié automatiquement,2025-12-04 15:50
22404771,image,vérifié automatiquement,2025-12-04 15:50
22404851,image,vérifié automatiquement,2025-12-04 15:50
22404861,image,vérifié automatiquement,2025-12-04 15:50
22404881,image,vérifié automatiquement,2025-12-04 15:50
22404901,image,vérifié automatiquement,2025-12-04 15:50
22404941,image,vérifié automatiquement,2025-12-04 15:50
22404951,image,vérifié automatiquement,2025-12-04 15:50
22405061,image,vérifié automatiquement,2025-12-04 15:50
22405101,image,vérifié automatiquement,2025-12-04 15:50
22405111,image,vérifié automatiquement,2025-12-04 15:50
22405121,image,vérifié automatiquement,2025-12-04 15:50
22407211,image,vérifié automatiquement,2025-12-04 15:50
22407221,image,vérifié automatiquement,2025-12-04 15:50
22407231,image,vérifié automatiquement,2025-12-04 15:50
22407241,image,vérifié automatiquement,2025-12-04 15:50
22407271,image,vérifié automatiquement,2025-12-04 15:50
22407281,image,vérifié automatiquement,2025-12-04 15:50
22407291,image,vérifié automatiquement,2025-12-04 15:50
22407311,image,vérifié automatiquement,2025-12-04 15:50
22407341,image,vérifié automatiquement,2025-12-04 15:50
22407351,image,vérifié automatiquement,2025-12-04 15:50
22407391,image,vérifié automatiquement,2025-12-04 15:50
22407401,image,vérifié automatiquement,2025-12-04 15:50
22407411,image,vérifié automatiquement,2025-12-04 15:50
22407451,image,vérifié automatiquement,2025-12-04 15:50
22407481,image,vérifié automatiquement,2025-12-04 15:50
22407491,image,vérifié automatiquement,2025-12-04 15:50
22407501,image,vérifié automatiquement,2025-12-04 15:50
22407511,image,vérifié automatiquement,2025-12-04 15:50
22408181,image,vérifié automatiquement,2025-12-04 15:50
22408211,image,vérifié automatiquement,2025-12-04 15:50
22408221,image,vérifié automatiquement,2025-12-04 15:50
22408231,image,vérifié automatiquement,2025-12-04 15:50
22408241,image,vérifié automatiquement,2025-12-04 15:50
22408261,image,vérifié automatiquement,2025-12-04 15:50
22408361,image,vérifié automatiquement,2025-12-04 15:50
22408381,image,vérifié automatiquement,2025-12-04 15:50
22408401,image,vérifié automatiquement,2025-12-04 15:50
22408501,image,vérifié automatiquement,2025-12-04 15:50
22408511,image,vérifié automatiquement,2025-12-04 15:50
22408521,image,vérifié automatiquement,2025-12-04 15:50
22408531,image,vérifié automatiquement,2025-12-04 15:50
22408571,image,vérifié automatiquement,2025-12-04 15:50
22408611,image,vérifié automatiquement,2025-12-04 15:50
22408621,image,vérifié automatiquement,2025-12-04 15:50
22408641,image,vérifié automatiquement,2025-12-04 15:50
22408671,image,vérifié automatiquement,2025-12-04 15:50
22408691,image,vérifié automatiquement,2025-12-04 15:50
22408701,image,vérifié automatiquement,2025-12-04 15:50
22408711,image,vérifié automatiquement,2025-12-04 15:50
22408981,image,vérifié automatiquement,2025-12-04 15:50
22408991,image,vérifié automatiquement,2025-12-04 15:50
22409161,image,vérifié automatiquement,2025-12-04 15:50
22409171,image,vérifié automatiquement,2025-12-04 15:50
22409221,image,vérifié automatiquement,2025-12-04 15:50
22409251,image,vérifié automatiquement,2025-12-04 15:50
22409301,image,vérifié automatiquement,2025-12-04 15:50
22409341,image,vérifié automatiquement,2025-12-04 15:50
22409351,image,vérifié automatiquement,2025-12-04 15:50
22409461,image,vérifié automatiquement,2025-12-04 15:50
22409511,image,vérifié automatiquement,2025-12-04 15:50
22409551,image,vérifié automatiquement,2025-12-04 15:50
22409561,image,vérifié automatiquement,2025-12-04 15:50
22409571,image,vérifié automatiquement,2025-12-04 15:50
22409621,image,vérifié automatiquement,2025-12-04 15:50
22409631,image,vérifié automatiquement,2025-12-04 15:50
22409641,image,vérifié automatiquement,2025-12-04 15:50
22409661,image,vérifié automatiquement,2025-12-04 15:50
22409681,image,vérifié automatiquement,2025-12-04 15:50
22409731,image,vérifié automatiquement,2025-12-04 15:50
22409751,image,vérifié automatiquement,2025-12-04 15:50
22409801,image,vérifié automatiquement,2025-12-04 15:50
22412251,image,vérifié automatiquement,2025-12-04 15:50
22412271,image,vérifié automatiquement,2025-12-04 15:50
22412281,image,vérifié automatiquement,2025-12-04 15:50
22412301,image,vérifié automatiquement,2025-12-04 15:50
22412321,image,vérifié automatiquement,2025-12-04 15:50
22412331,image,vérifié automatiquement,2025-12-04 15:50
22412361,image,vérifié automatiquement,2025-12-04 15:50
22412371,image,vérifié automatiquement,2025-12-04 15:50
22412381,image,vérifié automatiquement,2025-12-04 15:50
22414471,image,vérifié automatiquement,2025-12-04 15:50
22414501,image,vérifié automatiquement,2025-12-04 15:50
22414541,image,vérifié automatiquement,2025-12-04 15:50
22414581,image,vérifié automatiquement,2025-12-04 15:50
22414601,image,vérifié automatiquement,2025-12-04 15:50
22414661,image,vérifié automatiquement,2025-12-04 15:50
22414721,image,vérifié automatiquement,2025-12-04 15:50
22414731,image,vérifié automatiquement,2025-12-04 15:50
22414981,image,vérifié automatiquement,2025-12-04 15:50
22415011,image,vérifié automatiquement,2025-12-04 15:50
22415021,image,vérifié automatiquement,2025-12-04 15:50
22415151,image,vérifié automatiquement,2025-12-04 15:50
22415161,image,vérifié automatiquement,2025-12-04 15:50
22415171,image,vérifié automatiquement,2025-12-04 15:50
22415201,image,vérifié automatiquement,2025-12-04 15:50
22415211,image,vérifié automatiquement,2025-12-04 15:50
22415241,image,vérifié automatiquement,2025-12-04 15:50
22415291,image,vérifié automatiquement,2025-12-04 15:50
22415401,image,vérifié automatiquement,2025-12-04 15:50
22415411,image,vérifié automatiquement,2025-12-04 15:50
22415421,image,vérifié automatiquement,2025-12-04 15:50
22415471,image,vérifié automatiquement,2025-12-04 15:50
22415501,image,vérifié automatiquement,2025-12-04 15:50
22415541,image,vérifié automatiquement,2025-12-04 15:50
22415611,image,vérifié automatiquement,2025-12-04 15:50
22415661,image,vérifié automatiquement,2025-12-04 15:50
22415671,image,vérifié automatiquement,2025-12-04 15:50
22415681,image,vérifié automatiquement,2025-12-04 15:50
22415731,image,vérifié automatiquement,2025-12-04 15:50
22415751,image,vérifié automatiquement,2025-12-04 15:50
22415771,image,vérifié automatiquement,2025-12-04 15:50
22415781,image,vérifié automatiquement,2025-12-04 15:50
22415791,image,vérifié automatiquement,2025-12-04 15:50
22415851,image,vérifié automatiquement,2025-12-04 15:50
22416131,image,vérifié automatiquement,2025-12-04 15:50
22416151,image,vérifié automatiquement,2025-12-04 15:50
22416171,image,vérifié automatiquement,2025-12-04 15:50
22416211,image,vérifié automatiquement,2025-12-04 15:50
22416221,image,vérifié automatiquement,2025-12-04 15:50
22416231,image,vérifié automatiquement,2025-12-04 15:50
22416261,image,vérifié automatiquement,2025-12-04 15:50
22416341,image,vérifié automatiquement,2025-12-04 15:50
22416491,image,vérifié automatiquement,2025-12-04 15:50
22416501,image,vérifié automatiquement,2025-12-04 15:50
22416551,image,vérifié automatiquement,2025-12-04 15:50
22416561,image,vérifié automatiquement,2025-12-04 15:50
22416601,image,vérifié automatiquement,2025-12-04 15:50
22416691,image,vérifié automatiquement,2025-12-04 15:50
22416751,image,vérifié automatiquement,2025-12-04 15:50
22416781,image,vérifié automatiquement,2025-12-04 15:50
22416841,image,vérifié automatiquement,2025-12-04 15:50
22416851,image,vérifié automatiquement,2025-12-04 15:50
22416861,image,vérifié automatiquement,2025-12-04 15:50
22416871,image,vérifié automatiquement,2025-12-04 15:50
22416891,image,vérifié automatiquement,2025-12-04 15:50
22416901,image,vérifié automatiquement,2025-12-04 15:50
22430541,image,vérifié automatiquement,2025-12-04 15:50
22430561,image,vérifié automatiquement,2025-12-04 15:50
22430571,image,vérifié automatiquement,2025-12-04 15:50
22430611,image,vérifié automatiquement,2025-12-04 15:50
22430651,image,vérifié automatiquement,2025-12-04 15:50
22430691,image,vérifié automatiquement,2025-12-04 15:50
22430701,image,vérifié automatiquement,2025-12-04 15:50
22430721,image,vérifié automatiquement,2025-12-04 15:50
22430771,image,vérifié automatiquement,2025-12-04 15:50
22430781,image,vérifié automatiquement,2025-12-04 15:50
22431761,image,vérifié automatiquement,2025-12-04 15:50
22431771,image,vérifié automatiquement,2025-12-04 15:50
22431791,image,vérifié automatiquement,2025-12-04 15:50
22431931,image,vérifié automatiquement,2025-12-04 15:50
22431961,image,vérifié automatiquement,2025-12-04 15:50
22431981,image,vérifié automatiquement,2025-12-04 15:50
22434171,image,vérifié automatiquement,2025-12-04 15:50
22434181,image,vérifié automatiquement,2025-12-04 15:50
22434211,image,vérifié automatiquement,2025-12-04 15:50
22434231,image,vérifié automatiquement,2025-12-04 15:50
22434261,image,vérifié automatiquement,2025-12-04 15:50
22434271,image,vérifié automatiquement,2025-12-04 15:50
22434311,image,vérifié automatiquement,2025-12-04 15:50
22434321,image,vérifié automatiquement,2025-12-04 15:50
22434331,image,vérifié automatiquement,2025-12-04 15:50
22434351,image,vérifié automatiquement,2025-12-04 15:50
22434381,image,vérifié automatiquement,2025-12-04 15:50
22434391,image,vérifié automatiquement,2025-12-04 15:50
22434411,image,vérifié automatiquement,2025-12-04 15:50
22434431,image,vérifié automatiquement,2025-12-04 15:50
22434441,image,vérifié automatiquement,2025-12-04 15:50
22434491,image,vérifié automatiquement,2025-12-04 15:50
22434511,image,vérifié automatiquement,2025-12-04 15:50
22434571,image,vérifié automatiquement,2025-12-04 15:50
22434581,image,vérifié automatiquement,2025-12-04 15:50
22434601,image,vérifié automatiquement,2025-12-04 15:50
22434611,image,vérifié automatiquement,2025-12-04 15:50
22434651,image,vérifié automatiquement,2025-12-04 15:50
22434661,image,vérifié automatiquement,2025-12-04 15:50
22434691,image,vérifié automatiquement,2025-12-04 15:50
22434701,image,vérifié automatiquement,2025-12-04 15:50
22434711,image,vérifié automatiquement,2025-12-04 15:50
22434721,image,vérifié automatiquement,2025-12-04 15:50
22434731,image,vérifié automatiquement,2025-12-04 15:50
22434771,image,vérifié automatiquement,2025-12-04 15:50
22434861,image,vérifié automatiquement,2025-12-04 15:50
22434881,image,vérifié automatiquement,2025-12-04 15:50
22434921,image,vérifié automatiquement,2025-12-04 15:50
22434941,image,vérifié automatiquement,2025-12-04 15:50
22435071,image,vérifié automatiquement,2025-12-04 15:50
22435171,image,vérifié automatiquement,2025-12-04 15:50
22435311,image,vérifié automatiquement,2025-12-04 15:50
22435371,image,vérifié automatiquement,2025-12-04 15:50
22435381,image,vérifié automatiquement,2025-12-04 15:50
22435421,image,vérifié automatiquement,2025-12-04 15:50
22435431,image,vérifié automatiquement,2025-12-04 15:50
22435471,image,vérifié automatiquement,2025-12-04 15:50
22435551,image,vérifié automatiquement,2025-12-04 15:50
22435561,image,vérifié automatiquement,2025-12-04 15:50
22435571,image,vérifié automatiquement,2025-12-04 15:50
22435601,image,vérifié automatiquement,2025-12-04 15:50
22435611,image,vérifié automatiquement,2025-12-04 15:50
22435641,image,vérifié automatiquement,2025-12-04 15:50
22435651,image,vérifié automatiquement,2025-12-04 15:50
22435661,image,vérifié automatiquement,2025-12-04 15:50
22435681,image,vérifié automatiquement,2025-12-04 15:50
22435841,image,vérifié automatiquement,2025-12-04 15:50
22435851,image,vérifié automatiquement,2025-12-04 15:50
22435861,image,vérifié automatiquement,2025-12-04 15:50
22435871,image,vérifié automatiquement,2025-12-04 15:50
22435881,image,vérifié automatiquement,2025-12-04 15:50
22435901,image,vérifié automatiquement,2025-12-04 15:50
22435911,image,vérifié automatiquement,2025-12-04 15:50
22435921,image,vérifié automatiquement,2025-12-04 15:50
22436041,image,vérifié automatiquement,2025-12-04 15:50
22436051,image,vérifié automatiquement,2025-12-04 15:50
22436061,image,vérifié automatiquement,2025-12-04 15:50
22436101,image,vérifié automatiquement,2025-12-04 15:50
22436131,image,vérifié automatiquement,2025-12-04 15:50
22436141,image,vérifié automatiquement,2025-12-04 15:50
22436151,image,vérifié automatiquement,2025-12-04 15:50
22436161,image,vérifié automatiquement,2025-12-04 15:50
22436171,image,vérifié automatiquement,2025-12-04 15:50
22436211,image,vérifié automatiquement,2025-12-04 15:50
22436231,image,vérifié automatiquement,2025-12-04 15:50
22436241,image,vérifié automatiquement,2025-12-04 15:50
22436251,image,vérifié automatiquement,2025-12-04 15:50
22436261,image,vérifié automatiquement,2025-12-04 15:50
22436461,image,vérifié automatiquement,2025-12-04 15:50
22436471,image,vérifié automatiquement,2025-12-04 15:50
22436481,image,vérifié automatiquement,2025-12-04 15:50
22436491,image,vérifié automatiquement,2025-12-04 15:50
22448041,image,vérifié automatiquement,2025-12-04 15:50
22448051,image,vérifié automatiquement,2025-12-04 15:50
22448061,image,vérifié automatiquement,2025-12-04 15:50
22448091,image,vérifié automatiquement,2025-12-04 15:50
22448101,image,vérifié automatiquement,2025-12-04 15:50
22448151,image,vérifié automatiquement,2025-12-04 15:50
22448181,image,vérifié automatiquement,2025-12-04 15:50
22448191,image,vérifié automatiquement,2025-12-04 15:50
22448201,image,vérifié automatiquement,2025-12-04 15:50
22448261,image,vérifié automatiquement,2025-12-04 15:50
22448281,image,vérifié automatiquement,2025-12-04 15:50
22448351,image,vérifié automatiquement,2025-12-04 15:50
22448471,image,vérifié automatiquement,2025-12-04 15:50
22448501,image,vérifié automatiquement,2025-12-04 15:50
22448561,image,vérifié automatiquement,2025-12-04 15:50
22448581,image,vérifié automatiquement,2025-12-04 15:50
22448591,image,vérifié automatiquement,2025-12-04 15:50
22448641,image,vérifié automatiquement,2025-12-04 15:50
22448661,image,vérifié automatiquement,2025-12-04 15:50
22448671,image,vérifié automatiquement,2025-12-04 15:50
22448721,image,vérifié automatiquement,2025-12-04 15:50
22448811,image,vérifié automatiquement,2025-12-04 15:50
22448821,image,vérifié automatiquement,2025-12-04 15:50
22448871,image,vérifié automatiquement,2025-12-04 15:50
22448891,image,vérifié automatiquement,2025-12-04 15:50
22448921,image,vérifié automatiquement,2025-12-04 15:50
22448931,image,vérifié automatiquement,2025-12-04 15:50
22448951,image,vérifié automatiquement,2025-12-04 15:50
22448971,image,vérifié automatiquement,2025-12-04 15:50
22448981,image,vérifié automatiquement,2025-12-04 15:50
22449001,image,vérifié automatiquement,2025-12-04 15:50
22449011,image,vérifié automatiquement,2025-12-04 15:50
22449051,image,vérifié automatiquement,2025-12-04 15:50
22449071,image,vérifié automatiquement,2025-12-04 15:50
22449081,image,vérifié automatiquement,2025-12-04 15:50
22449101,image,vérifié automatiquement,2025-12-04 15:50
22449111,image,vérifié automatiquement,2025-12-04 15:50
22449191,image,vérifié automatiquement,2025-12-04 15:50
22449211,image,vérifié automatiquement,2025-12-04 15:50
22449241,image,vérifié automatiquement,2025-12-04 15:50
22449251,image,vérifié automatiquement,2025-12-04 15:50
22449291,image,vérifié automatiquement,2025-12-04 15:50
22449341,image,vérifié automatiquement,2025-12-04 15:50
22449351,image,vérifié automatiquement,2025-12-04 15:50
22449361,image,vérifié automatiquement,2025-12-04 15:50
22449381,image,vérifié automatiquement,2025-12-04 15:50
22449461,image,vérifié automatiquement,2025-12-04 15:50
22449471,image,vérifié automatiquement,2025-12-04 15:50
22449481,image,vérifié automatiquement,2025-12-04 15:50
22449511,image,vérifié automatiquement,2025-12-04 15:50
22449521,image,vérifié automatiquement,2025-12-04 15:50
22449551,image,vérifié automatiquement,2025-12-04 15:50
22449561,image,vérifié automatiquement,2025-12-04 15:50
22449571,image,vérifié automatiquement,2025-12-04 15:50
22449641,image,vérifié automatiquement,2025-12-04 15:50
22449651,image,vérifié automatiquement,2025-12-04 15:50
22449671,image,vérifié automatiquement,2025-12-04 15:50
22449691,image,vérifié automatiquement,2025-12-04 15:50
22449701,image,vérifié automatiquement,2025-12-04 15:50
22449841,image,vérifié automatiquement,2025-12-04 15:50
22449851,image,vérifié automatiquement,2025-12-04 15:50
22450031,image,vérifié automatiquement,2025-12-04 15:50
22450071,image,vérifié automatiquement,2025-12-04 15:50
22450081,image,vérifié automatiquement,2025-12-04 15:50
22450141,image,vérifié automatiquement,2025-12-04 15:50
22450171,image,vérifié automatiquement,2025-12-04 15:50
22450231,image,vérifié automatiquement,2025-12-04 15:50
22450281,image,vérifié automatiquement,2025-12-04 15:50
22450291,image,vérifié automatiquement,2025-12-04 15:50
22450321,image,vérifié automatiquement,2025-12-04 15:50
22450361,image,vérifié automatiquement,2025-12-04 15:50
22450391,image,vérifié automatiquement,2025-12-04 15:50
22450441,image,vérifié automatiquement,2025-12-04 15:50
22450541,image,vérifié automatiquement,2025-12-04 15:50
22450551,image,vérifié automatiquement,2025-12-04 15:50
22450561,image,vérifié automatiquement,2025-12-04 15:50
22450701,image,vérifié automatiquement,2025-12-04 15:50
22450711,image,vérifié automatiquement,2025-12-04 15:50
22450731,image,vérifié automatiquement,2025-12-04 15:50
22450741,image,vérifié automatiquement,2025-12-04 15:50
22450751,image,vérifié automatiquement,2025-12-04 15:50
22450981,image,vérifié automatiquement,2025-12-04 15:50
22451021,image,vérifié automatiquement,2025-12-04 15:50
22451041,image,vérifié automatiquement,2025-12-04 15:50
22451101,image,vérifié automatiquement,2025-12-04 15:50
22451121,image,vérifié automatiquement,2025-12-04 15:50
22451131,image,vérifié automatiquement,2025-12-04 15:50
22451151,image,vérifié automatiquement,2025-12-04 15:50
22451161,image,vérifié automatiquement,2025-12-04 15:50
22451201,image,vérifié automatiquement,2025-12-04 15:50
22451221,image,vérifié automatiquement,2025-12-04 15:50
22451251,image,vérifié automatiquement,2025-12-04 15:50
22451301,image,vérifié automatiquement,2025-12-04 15:50
22451371,image,vérifié automatiquement,2025-12-04 15:50
22451381,image,vérifié automatiquement,2025-12-04 15:50
22451401,image,vérifié automatiquement,2025-12-04 15:50
22451421,image,vérifié automatiquement,2025-12-04 15:50
22451471,image,vérifié automatiquement,2025-12-04 15:50
22451891,image,vérifié automatiquement,2025-12-04 15:50
22451901,image,vérifié automatiquement,2025-12-04 15:50
22451921,image,vérifié automatiquement,2025-12-04 15:50
22451931,image,vérifié automatiquement,2025-12-04 15:50
22451941,image,vérifié automatiquement,2025-12-04 15:50
22451951,image,vérifié automatiquement,2025-12-04 15:50
22451971,image,vérifié automatiquement,2025-12-04 15:50
22451981,image,vérifié automatiquement,2025-12-04 15:50
22452061,image,vérifié automatiquement,2025-12-04 15:50
22452071,image,vérifié automatiquement,2025-12-04 15:50
22452081,image,vérifié automatiquement,2025-12-04 15:50
22452091,image,vérifié automatiquement,2025-12-04 15:50
22452101,image,vérifié automatiquement,2025-12-04 15:50
22452111,image,vérifié automatiquement,2025-12-04 15:50
22452121,image,vérifié automatiquement,2025-12-04 15:50
22452161,image,vérifié automatiquement,2025-12-04 15:50
22452181,image,vérifié automatiquement,2025-12-04 15:50
22452211,image,vérifié automatiquement,2025-12-04 15:50
22452221,image,vérifié automatiquement,2025-12-04 15:50
22452251,image,vérifié automatiquement,2025-12-04 15:50
22452271,image,vérifié automatiquement,2025-12-04 15:50
22452281,image,vérifié automatiquement,2025-12-04 15:50
22452321,image,vérifié automatiquement,2025-12-04 15:50
22452411,image,vérifié automatiquement,2025-12-04 15:50
22452521,image,vérifié automatiquement,2025-12-04 15:50
22452611,image,vérifié automatiquement,2025-12-04 15:50
22452661,image,vérifié automatiquement,2025-12-04 15:50
22452711,image,vérifié automatiquement,2025-12-04 15:50
22452741,image,vérifié automatiquement,2025-12-04 15:50
22452771,image,vérifié automatiquement,2025-12-04 15:50
22452791,image,vérifié automatiquement,2025-12-04 15:50
22452811,image,vérifié automatiquement,2025-12-04 15:50
22452821,image,vérifié automatiquement,2025-12-04 15:50
22452831,image,vérifié automatiquement,2025-12-04 15:50
22452851,image,vérifié automatiquement,2025-12-04 15:50
22452861,image,vérifié automatiquement,2025-12-04 15:50
22452911,image,vérifié automatiquement,2025-12-04 15:50
22452931,image,vérifié automatiquement,2025-12-04 15:50
22452941,image,vérifié automatiquement,2025-12-04 15:50
22453001,image,vérifié automatiquement,2025-12-04 15:50
22453011,image,vérifié automatiquement,2025-12-04 15:50
22453071,image,vérifié automatiquement,2025-12-04 15:50
22453631,image,vérifié automatiquement,2025-12-04 15:50
22453641,image,vérifié automatiquement,2025-12-04 15:50
22453651,image,vérifié automatiquement,2025-12-04 15:50
22460671,image,vérifié automatiquement,2025-12-04 15:50
22460871,image,vérifié automatiquement,2025-12-04 15:50
22460881,image,vérifié automatiquement,2025-12-04 15:50
22460891,image,vérifié automatiquement,2025-12-04 15:50
22460921,image,vérifié automatiquement,2025-12-04 15:50
22460981,image,vérifié automatiquement,2025-12-04 15:50
22461241,image,vérifié automatiquement,2025-12-04 15:50
22461281,image,vérifié automatiquement,2025-12-04 15:50
22461361,image,vérifié automatiquement,2025-12-04 15:50
22461421,image,vérifié automatiquement,2025-12-04 15:50
22461431,image,vérifié automatiquement,2025-12-04 15:50
22461451,image,vérifié automatiquement,2025-12-04 15:50
22461461,image,vérifié automatiquement,2025-12-04 15:50
22461471,image,vérifié automatiquement,2025-12-04 15:50
22461521,image,vérifié automatiquement,2025-12-04 15:50
22461541,image,vérifié automatiquement,2025-12-04 15:50
22461641,image,vérifié automatiquement,2025-12-04 15:50
22461661,image,vérifié automatiquement,2025-12-04 15:50
22461671,image,vérifié automatiquement,2025-12-04 15:50
22461761,image,vérifié automatiquement,2025-12-04 15:50
22461771,image,vérifié automatiquement,2025-12-04 15:50
22461791,image,vérifié automatiquement,2025-12-04 15:50
22461931,image,vérifié automatiquement,2025-12-04 15:50
22461941,image,vérifié automatiquement,2025-12-04 15:50
22462011,image,vérifié automatiquement,2025-12-04 15:50
22462061,image,vérifié automatiquement,2025-12-04 15:50
22462091,image,vérifié automatiquement,2025-12-04 15:50
22462131,image,vérifié automatiquement,2025-12-04 15:50
22462181,image,vérifié automatiquement,2025-12-04 15:50
22462281,image,vérifié automatiquement,2025-12-04 15:50
22462311,image,vérifié automatiquement,2025-12-04 15:50
22462381,image,vérifié automatiquement,2025-12-04 15:50
22462391,image,vérifié automatiquement,2025-12-04 15:50
22482671,image,vérifié automatiquement,2025-12-04 15:50
22482681,image,vérifié automatiquement,2025-12-04 15:50
22482691,image,vérifié automatiquement,2025-12-04 15:50
22482701,image,vérifié automatiquement,2025-12-04 15:50
22482721,image,vérifié automatiquement,2025-12-04 15:50
22482751,image,vérifié automatiquement,2025-12-04 15:50
22482761,image,vérifié automatiquement,2025-12-04 15:50
22482781,image,vérifié automatiquement,2025-12-04 15:50
22482791,image,vérifié automatiquement,2025-12-04 15:50
22482801,image,vérifié automatiquement,2025-12-04 15:50
22482821,image,vérifié automatiquement,2025-12-04 15:50
22482831,image,vérifié automatiquement,2025-12-04 15:50
22482861,image,vérifié automatiquement,2025-12-04 15:50
22482881,image,vérifié automatiquement,2025-12-04 15:50
22482891,image,vérifié automatiquement,2025-12-04 15:50
22482901,image,vérifié automatiquement,2025-12-04 15:50
22482911,image,vérifié automatiquement,2025-12-04 15:50
22482921,image,vérifié automatiquement,2025-12-04 15:50
22482931,image,vérifié automatiquement,2025-12-04 15:50
22482961,image,vérifié automatiquement,2025-12-04 15:50
22482971,image,vérifié automatiquement,2025-12-04 15:50
22482981,image,vérifié automatiquement,2025-12-04 15:50
22486051,image,vérifié automatiquement,2025-12-04 15:50
22486891,image,vérifié automatiquement,2025-12-04 15:50
22486911,image,vérifié automatiquement,2025-12-04 15:50
22486961,image,vérifié automatiquement,2025-12-04 15:50
22486971,image,vérifié automatiquement,2025-12-04 15:50
22486981,image,vérifié automatiquement,2025-12-04 15:50
22487011,image,vérifié automatiquement,2025-12-04 15:50
22487021,image,vérifié automatiquement,2025-12-04 15:50
22488101,image,vérifié automatiquement,2025-12-04 15:50
22488111,image,vérifié automatiquement,2025-12-04 15:50
22488121,image,vérifié automatiquement,2025-12-04 15:50
22488141,image,vérifié automatiquement,2025-12-04 15:50
22488151,image,vérifié automatiquement,2025-12-04 15:50
22488211,image,vérifié automatiquement,2025-12-04 15:50
22488281,image,vérifié automatiquement,2025-12-04 15:50
22489821,image,vérifié automatiquement,2025-12-04 15:50
22489831,image,vérifié automatiquement,2025-12-04 15:50
22490861,image,vérifié automatiquement,2025-12-04 15:50
22491031,image,vérifié automatiquement,2025-12-04 15:50
22491041,image,vérifié automatiquement,2025-12-04 15:50
22491051,image,vérifié automatiquement,2025-12-04 15:50
22491071,image,vérifié automatiquement,2025-12-04 15:50
22491171,image,vérifié automatiquement,2025-12-04 15:50
22491181,image,vérifié automatiquement,2025-12-04 15:50
22491191,image,vérifié automatiquement,2025-12-04 15:50
22491201,image,vérifié automatiquement,2025-12-04 15:50
22491301,image,vérifié automatiquement,2025-12-04 15:50
22491321,image,vérifié automatiquement,2025-12-04 15:50
22491331,image,vérifié automatiquement,2025-12-04 15:50
22491341,image,vérifié automatiquement,2025-12-04 15:50
22491421,image,vérifié automatiquement,2025-12-04 15:50
22491431,image,vérifié automatiquement,2025-12-04 15:50
22491441,image,vérifié automatiquement,2025-12-04 15:50
22491451,image,vérifié automatiquement,2025-12-04 15:50
22491491,image,vérifié automatiquement,2025-12-04 15:50
22491501,image,vérifié automatiquement,2025-12-04 15:50
22491511,image,vérifié automatiquement,2025-12-04 15:50
22491521,image,vérifié automatiquement,2025-12-04 15:50
22493181,image,vérifié automatiquement,2025-12-04 15:50
22493211,image,vérifié automatiquement,2025-12-04 15:50
22493271,image,vérifié automatiquement,2025-12-04 15:50
22493281,image,vérifié automatiquement,2025-12-04 15:50
22493291,image,vérifié automatiquement,2025-12-04 15:50
22493301,image,vérifié automatiquement,2025-12-04 15:50
22493331,image,vérifié automatiquement,2025-12-04 15:50
22493371,image,vérifié automatiquement,2025-12-04 15:50
22493401,image,vérifié automatiquement,2025-12-04 15:50
22493421,image,vérifié automatiquement,2025-12-04 15:50
22493491,image,vérifié automatiquement,2025-12-04 15:50
22493521,image,vérifié automatiquement,2025-12-04 15:50
22493621,image,vérifié automatiquement,2025-12-04 15:50
22493631,image,vérifié automatiquement,2025-12-04 15:50
22493731,image,vérifié automatiquement,2025-12-04 15:50
22493741,image,vérifié automatiquement,2025-12-04 15:50
22493751,image,vérifié automatiquement,2025-12-04 15:50
22493761,image,vérifié automatiquement,2025-12-04 15:50
22493851,image,vérifié automatiquement,2025-12-04 15:50
22493891,image,vérifié automatiquement,2025-12-04 15:50
22493901,image,vérifié automatiquement,2025-12-04 15:50
22493931,image,vérifié automatiquement,2025-12-04 15:50
22493941,image,vérifié automatiquement,2025-12-04 15:50
22495801,image,vérifié automatiquement,2025-12-04 15:50
22495871,image,vérifié automatiquement,2025-12-04 15:50
22495881,image,vérifié automatiquement,2025-12-04 15:50
22495891,image,vérifié automatiquement,2025-12-04 15:50
22495901,image,vérifié automatiquement,2025-12-04 15:50
22495911,image,vérifié automatiquement,2025-12-04 15:50
22495971,image,vérifié automatiquement,2025-12-04 15:50
22496001,image,vérifié automatiquement,2025-12-04 15:50
22496021,image,vérifié automatiquement,2025-12-04 15:50
22496361,image,vérifié automatiquement,2025-12-04 15:50
22496371,image,vérifié automatiquement,2025-12-04 15:50
22496381,image,vérifié automatiquement,2025-12-04 15:50
22496441,image,vérifié automatiquement,2025-12-04 15:50
22496461,image,vérifié automatiquement,2025-12-04 15:50
22496471,image,vérifié automatiquement,2025-12-04 15:50
22496551,image,vérifié automatiquement,2025-12-04 15:50
22496561,image,vérifié automatiquement,2025-12-04 15:50
22496571,image,vérifié automatiquement,2025-12-04 15:50
22496581,image,vérifié automatiquement,2025-12-04 15:50
22496591,image,vérifié automatiquement,2025-12-04 15:50
22496601,image,vérifié automatiquement,2025-12-04 15:50
22496611,image,vérifié automatiquement,2025-12-04 15:50
22496641,image,vérifié automatiquement,2025-12-04 15:50
22496651,image,vérifié automatiquement,2025-12-04 15:50
22496681,image,vérifié automatiquement,2025-12-04 15:50
22496711,image,vérifié automatiquement,2025-12-04 15:50
22496721,image,vérifié automatiquement,2025-12-04 15:50
22496731,image,vérifié automatiquement,2025-12-04 15:50
22496741,image,vérifié automatiquement,2025-12-04 15:50
22496761,image,vérifié automatiquement,2025-12-04 15:50
22496771,image,vérifié automatiquement,2025-12-04 15:50
22496781,image,vérifié automatiquement,2025-12-04 15:50
22496791,image,vérifié automatiquement,2025-12-04 15:50
22496901,image,vérifié automatiquement,2025-12-04 15:50
22496931,image,vérifié automatiquement,2025-12-04 15:50
22496941,image,vérifié automatiquement,2025-12-04 15:50
22496951,image,vérifié automatiquement,2025-12-04 15:50
22496971,image,vérifié automatiquement,2025-12-04 15:50
22496981,image,vérifié automatiquement,2025-12-04 15:50
22496991,image,vérifié automatiquement,2025-12-04 15:50
22497091,image,vérifié automatiquement,2025-12-04 15:50
22497111,image,vérifié automatiquement,2025-12-04 15:50
22497121,image,vérifié automatiquement,2025-12-04 15:50
22497131,image,vérifié automatiquement,2025-12-04 15:50
22497251,image,vérifié automatiquement,2025-12-04 15:50
22497261,image,vérifié automatiquement,2025-12-04 15:50
22497271,image,vérifié automatiquement,2025-12-04 15:50
22497311,image,vérifié automatiquement,2025-12-04 15:50
22497351,image,vérifié automatiquement,2025-12-04 15:50
22497361,image,vérifié automatiquement,2025-12-04 15:50
22497381,image,vérifié automatiquement,2025-12-04 15:50
22497441,image,vérifié automatiquement,2025-12-04 15:50
22497451,image,vérifié automatiquement,2025-12-04 15:50
22497551,image,vérifié automatiquement,2025-12-04 15:50
22499271,image,vérifié automatiquement,2025-12-04 15:50
22499741,image,vérifié automatiquement,2025-12-04 15:50
22499901,image,vérifié automatiquement,2025-12-04 15:50
22499971,image,vérifié automatiquement,2025-12-04 15:50
22502411,image,vérifié automatiquement,2025-12-04 15:50
22502421,image,vérifié automatiquement,2025-12-04 15:50
22502431,image,vérifié automatiquement,2025-12-04 15:50
22502441,image,vérifié automatiquement,2025-12-04 15:50
22502451,image,vérifié automatiquement,2025-12-04 15:50
22502481,image,vérifié automatiquement,2025-12-04 15:50
22502501,image,vérifié automatiquement,2025-12-04 15:50
22502511,image,vérifié automatiquement,2025-12-04 15:50
22502591,image,vérifié automatiquement,2025-12-04 15:50
22502661,image,vérifié automatiquement,2025-12-04 15:50
22502671,image,vérifié automatiquement,2025-12-04 15:50
22502711,image,vérifié automatiquement,2025-12-04 15:50
22502731,image,vérifié automatiquement,2025-12-04 15:50
22502761,image,vérifié automatiquement,2025-12-04 15:50
22502771,image,vérifié automatiquement,2025-12-04 15:50
22502791,image,vérifié automatiquement,2025-12-04 15:50
22502801,image,vérifié automatiquement,2025-12-04 15:50
22502821,image,vérifié automatiquement,2025-12-04 15:50
22502841,image,vérifié automatiquement,2025-12-04 15:50
22502851,image,vérifié automatiquement,2025-12-04 15:50
22502871,image,vérifié automatiquement,2025-12-04 15:50
22502971,image,vérifié automatiquement,2025-12-04 15:50
22502981,image,vérifié automatiquement,2025-12-04 15:50
22502991,image,vérifié automatiquement,2025-12-04 15:50
22503001,image,vérifié automatiquement,2025-12-04 15:50
22503081,image,vérifié automatiquement,2025-12-04 15:50
22503101,image,vérifié automatiquement,2025-12-04 15:50
22503121,image,vérifié automatiquement,2025-12-04 15:50
22503171,image,vérifié automatiquement,2025-12-04 15:50
22503201,image,vérifié automatiquement,2025-12-04 15:50
22503211,image,vérifié automatiquement,2025-12-04 15:50
22503231,image,vérifié automatiquement,2025-12-04 15:50
22503241,image,vérifié automatiquement,2025-12-04 15:50
22503251,image,vérifié automatiquement,2025-12-04 15:50
22503261,image,vérifié automatiquement,2025-12-04 15:50
22503271,image,vérifié automatiquement,2025-12-04 15:50
22503321,image,vérifié automatiquement,2025-12-04 15:50
22503331,image,vérifié automatiquement,2025-12-04 15:50
22503371,image,vérifié automatiquement,2025-12-04 15:50
22503381,image,vérifié automatiquement,2025-12-04 15:50
22503391,image,vérifié automatiquement,2025-12-04 15:50
22503411,image,vérifié automatiquement,2025-12-04 15:50
22503461,image,vérifié automatiquement,2025-12-04 15:50
22503471,image,vérifié automatiquement,2025-12-04 15:50
22503481,image,vérifié automatiquement,2025-12-04 15:50
22503511,image,vérifié automatiquement,2025-12-04 15:50
22503521,image,vérifié automatiquement,2025-12-04 15:50
22503541,image,vérifié automatiquement,2025-12-04 15:50
22503631,image,vérifié automatiquement,2025-12-04 15:50
22503661,image,vérifié automatiquement,2025-12-04 15:50
22503681,image,vérifié automatiquement,2025-12-04 15:50
22503691,image,vérifié automatiquement,2025-12-04 15:50
22503701,image,vérifié automatiquement,2025-12-04 15:50
22503731,image,vérifié automatiquement,2025-12-04 15:50
22503801,image,vérifié automatiquement,2025-12-04 15:50
22503821,image,vérifié automatiquement,2025-12-04 15:50
22503841,image,vérifié automatiquement,2025-12-04 15:50
22503851,image,vérifié automatiquement,2025-12-04 15:50
22503931,image,vérifié automatiquement,2025-12-04 15:50
22503961,image,vérifié automatiquement,2025-12-04 15:50
22503981,image,vérifié automatiquement,2025-12-04 15:50
22503991,image,vérifié automatiquement,2025-12-04 15:50
22504081,image,vérifié automatiquement,2025-12-04 15:50
22504101,image,vérifié automatiquement,2025-12-04 15:50
22504111,image,vérifié automatiquement,2025-12-04 15:50
22504131,image,vérifié automatiquement,2025-12-04 15:50
22504141,image,vérifié automatiquement,2025-12-04 15:50
22504241,image,vérifié automatiquement,2025-12-04 15:50
22504281,image,vérifié automatiquement,2025-12-04 15:50
22504291,image,vérifié automatiquement,2025-12-04 15:50
22504331,image,vérifié automatiquement,2025-12-04 15:50
22526101,image,vérifié automatiquement,2025-12-04 15:50
22526111,image,vérifié automatiquement,2025-12-04 15:50
22526121,image,vérifié automatiquement,2025-12-04 15:50
22526131,image,vérifié automatiquement,2025-12-04 15:50
22526141,image,vérifié automatiquement,2025-12-04 15:50
22526151,image,vérifié automatiquement,2025-12-04 15:50
22526211,image,vérifié automatiquement,2025-12-04 15:50
22526221,image,vérifié automatiquement,2025-12-04 15:50
22526241,image,vérifié automatiquement,2025-12-04 15:50
22526251,image,vérifié automatiquement,2025-12-04 15:50
22526271,image,vérifié automatiquement,2025-12-04 15:50
22526281,image,vérifié automatiquement,2025-12-04 15:50
22526311,image,vérifié automatiquement,2025-12-04 15:50
22526351,image,vérifié automatiquement,2025-12-04 15:50
22526371,image,vérifié automatiquement,2025-12-04 15:50
22526391,image,vérifié automatiquement,2025-12-04 15:50
22526401,image,vérifié automatiquement,2025-12-04 15:50
22526421,image,vérifié automatiquement,2025-12-04 15:50
22526431,image,vérifié automatiquement,2025-12-04 15:50
22526441,image,vérifié automatiquement,2025-12-04 15:50
22526451,image,vérifié automatiquement,2025-12-04 15:50
22526461,image,vérifié automatiquement,2025-12-04 15:50
22526491,image,vérifié automatiquement,2025-12-04 15:50
22526501,image,vérifié automatiquement,2025-12-04 15:50
22526541,image,vérifié automatiquement,2025-12-04 15:50
22526561,image,vérifié automatiquement,2025-12-04 15:50
22526571,image,vérifié automatiquement,2025-12-04 15:50
22526581,image,vérifié automatiquement,2025-12-04 15:50
22526591,image,vérifié automatiquement,2025-12-04 15:50
22526601,image,vérifié automatiquement,2025-12-04 15:50
22526621,image,vérifié automatiquement,2025-12-04 15:50
22526641,image,vérifié automatiquement,2025-12-04 15:50
22526681,image,vérifié automatiquement,2025-12-04 15:50
22526691,image,vérifié automatiquement,2025-12-04 15:50
22526701,image,vérifié automatiquement,2025-12-04 15:50
22526711,image,vérifié automatiquement,2025-12-04 15:50
22526731,image,vérifié automatiquement,2025-12-04 15:50
22526741,image,vérifié automatiquement,2025-12-04 15:50
22526771,image,vérifié automatiquement,2025-12-04 15:50
22526781,image,vérifié automatiquement,2025-12-04 15:50
22526831,image,vérifié automatiquement,2025-12-04 15:50
22526851,image,vérifié automatiquement,2025-12-04 15:50
22526861,image,vérifié automatiquement,2025-12-04 15:50
22526881,image,vérifié automatiquement,2025-12-04 15:50
22526901,image,vérifié automatiquement,2025-12-04 15:50
22526911,image,vérifié automatiquement,2025-12-04 15:50
22526941,image,vérifié automatiquement,2025-12-04 15:50
22526951,image,vérifié automatiquement,2025-12-04 15:50
22526961,image,vérifié automatiquement,2025-12-04 15:50
22526981,image,vérifié automatiquement,2025-12-04 15:50
22527011,image,vérifié automatiquement,2025-12-04 15:50
22527021,image,vérifié automatiquement,2025-12-04 15:50
22527061,image,vérifié automatiquement,2025-12-04 15:50
22527091,image,vérifié automatiquement,2025-12-04 15:50
22527101,image,vérifié automatiquement,2025-12-04 15:50
22527111,image,vérifié automatiquement,2025-12-04 15:50
22527181,image,vérifié automatiquement,2025-12-04 15:50
22527191,image,vérifié automatiquement,2025-12-04 15:50
22527251,image,vérifié automatiquement,2025-12-04 15:50
22527261,image,vérifié automatiquement,2025-12-04 15:50
22527271,image,vérifié automatiquement,2025-12-04 15:50
22527311,image,vérifié automatiquement,2025-12-04 15:50
22527331,image,vérifié automatiquement,2025-12-04 15:50
22527361,image,vérifié automatiquement,2025-12-04 15:50
22527371,image,vérifié automatiquement,2025-12-04 15:50
22527411,image,vérifié automatiquement,2025-12-04 15:50
22527421,image,vérifié automatiquement,2025-12-04 15:50
22527431,image,vérifié automatiquement,2025-12-04 15:50
22527441,image,vérifié automatiquement,2025-12-04 15:50
22527461,image,vérifié automatiquement,2025-12-04 15:50
22527471,image,vérifié automatiquement,2025-12-04 15:50
22527481,image,vérifié automatiquement,2025-12-04 15:50
22527491,image,vérifié automatiquement,2025-12-04 15:50
22527501,image,vérifié automatiquement,2025-12-04 15:50
22527521,image,vérifié automatiquement,2025-12-04 15:50
22527701,image,vérifié automatiquement,2025-12-04 15:50
22527711,image,vérifié automatiquement,2025-12-04 15:50
22533831,image,vérifié automatiquement,2025-12-04 15:50
22533841,image,vérifié automatiquement,2025-12-04 15:50
22533871,image,vérifié automatiquement,2025-12-04 15:50
22533881,image,vérifié automatiquement,2025-12-04 15:50
22533901,image,vérifié automatiquement,2025-12-04 15:50
22533911,image,vérifié automatiquement,2025-12-04 15:50
22533921,image,vérifié automatiquement,2025-12-04 15:50
22533941,image,vérifié automatiquement,2025-12-04 15:50
22533951,image,vérifié automatiquement,2025-12-04 15:50
22533971,image,vérifié automatiquement,2025-12-04 15:50
22533981,image,vérifié automatiquement,2025-12-04 15:50
22533991,image,vérifié automatiquement,2025-12-04 15:50
22534061,image,vérifié automatiquement,2025-12-04 15:50
22534071,image,vérifié automatiquement,2025-12-04 15:50
22534081,image,vérifié automatiquement,2025-12-04 15:50
22534091,image,vérifié automatiquement,2025-12-04 15:50
22534101,image,vérifié automatiquement,2025-12-04 15:50
22534111,image,vérifié automatiquement,2025-12-04 15:50
22534121,image,vérifié automatiquement,2025-12-04 15:50
22534131,image,vérifié automatiquement,2025-12-04 15:50
22534141,image,vérifié automatiquement,2025-12-04 15:50
22534151,image,vérifié automatiquement,2025-12-04 15:50
22534161,image,vérifié automatiquement,2025-12-04 15:50
22534171,image,vérifié automatiquement,2025-12-04 15:50
22534181,image,vérifié automatiquement,2025-12-04 15:50
22534191,image,vérifié automatiquement,2025-12-04 15:50
22534201,image,vérifié automatiquement,2025-12-04 15:50
22534221,image,vérifié automatiquement,2025-12-04 15:50
22534251,image,vérifié automatiquement,2025-12-04 15:50
22534271,image,vérifié automatiquement,2025-12-04 15:50
22534281,image,vérifié automatiquement,2025-12-04 15:50
22534291,image,vérifié automatiquement,2025-12-04 15:50
22534321,image,vérifié automatiquement,2025-12-04 15:50
22534331,image,vérifié automatiquement,2025-12-04 15:50
22534361,image,vérifié automatiquement,2025-12-04 15:50
22534371,image,vérifié automatiquement,2025-12-04 15:50
22534421,image,vérifié automatiquement,2025-12-04 15:50
22534441,image,vérifié automatiquement,2025-12-04 15:50
22534471,image,vérifié automatiquement,2025-12-04 15:50
22534491,image,vérifié automatiquement,2025-12-04 15:50
22534501,image,vérifié automatiquement,2025-12-04 15:50
22534511,image,vérifié automatiquement,2025-12-04 15:50
22534531,image,vérifié automatiquement,2025-12-04 15:50
22534541,image,vérifié automatiquement,2025-12-04 15:50
22534561,image,vérifié automatiquement,2025-12-04 15:50
22534571,image,vérifié automatiquement,2025-12-04 15:50
22534581,image,vérifié automatiquement,2025-12-04 15:50
22534591,image,vérifié automatiquement,2025-12-04 15:50
22534601,image,vérifié automatiquement,2025-12-04 15:50
22534611,image,vérifié automatiquement,2025-12-04 15:50
22534691,image,vérifié automatiquement,2025-12-04 15:50
22534701,image,vérifié automatiquement,2025-12-04 15:50
22534751,image,vérifié automatiquement,2025-12-04 15:50
22534821,image,vérifié automatiquement,2025-12-04 15:50
22535041,image,vérifié automatiquement,2025-12-04 15:50
22535061,image,vérifié automatiquement,2025-12-04 15:50
22535101,image,vérifié automatiquement,2025-12-04 15:50
22535141,image,vérifié automatiquement,2025-12-04 15:50
22535221,image,vérifié automatiquement,2025-12-04 15:50
22535231,image,vérifié automatiquement,2025-12-04 15:50
22535261,image,vérifié automatiquement,2025-12-04 15:50
22535431,image,vérifié automatiquement,2025-12-04 15:50
22535451,image,vérifié automatiquement,2025-12-04 15:50
22535511,image,vérifié automatiquement,2025-12-04 15:50
22535581,image,vérifié automatiquement,2025-12-04 15:50
22535611,image,vérifié automatiquement,2025-12-04 15:50
22535621,image,vérifié automatiquement,2025-12-04 15:50
22535631,image,vérifié automatiquement,2025-12-04 15:50
22535701,image,vérifié automatiquement,2025-12-04 15:50
22535711,image,vérifié automatiquement,2025-12-04 15:50
22535881,image,vérifié automatiquement,2025-12-04 15:50
22535891,image,vérifié automatiquement,2025-12-04 15:50
22535901,image,vérifié automatiquement,2025-12-04 15:50
22535941,image,vérifié automatiquement,2025-12-04 15:50
22536101,image,vérifié automatiquement,2025-12-04 15:50
22536131,image,vérifié automatiquement,2025-12-04 15:50
22536211,image,vérifié automatiquement,2025-12-04 15:50
22536221,image,vérifié automatiquement,2025-12-04 15:50
22536251,image,vérifié automatiquement,2025-12-04 15:50
22536261,image,vérifié automatiquement,2025-12-04 15:50
22536281,image,vérifié automatiquement,2025-12-04 15:50
22536301,image,vérifié automatiquement,2025-12-04 15:50
22536321,image,vérifié automatiquement,2025-12-04 15:50
22536331,image,vérifié automatiquement,2025-12-04 15:50
22536401,image,vérifié automatiquement,2025-12-04 15:50
22536431,image,vérifié automatiquement,2025-12-04 15:50
22553621,image,vérifié automatiquement,2025-12-04 15:50
22553661,image,vérifié automatiquement,2025-12-04 15:50
22553711,image,vérifié automatiquement,2025-12-04 15:50
22568791,image,vérifié automatiquement,2025-12-04 15:50
22568801,image,vérifié automatiquement,2025-12-04 15:50
22568811,image,vérifié automatiquement,2025-12-04 15:50
22568821,image,vérifié automatiquement,2025-12-04 15:50
22568841,image,vérifié automatiquement,2025-12-04 15:50
22568851,image,vérifié automatiquement,2025-12-04 15:50
22568871,image,vérifié automatiquement,2025-12-04 15:50
22568891,image,vérifié automatiquement,2025-12-04 15:50
22571051,image,vérifié automatiquement,2025-12-04 15:50
22571061,image,vérifié automatiquement,2025-12-04 15:50
22571071,image,vérifié automatiquement,2025-12-04 15:50
22571081,image,vérifié automatiquement,2025-12-04 15:50
22571101,image,vérifié automatiquement,2025-12-04 15:50
22571111,image,vérifié automatiquement,2025-12-04 15:50
22571121,image,vérifié automatiquement,2025-12-04 15:50
22571141,image,vérifié automatiquement,2025-12-04 15:50
22571151,image,vérifié automatiquement,2025-12-04 15:50
22571191,image,vérifié automatiquement,2025-12-04 15:50
22571201,image,vérifié automatiquement,2025-12-04 15:50
22571211,image,vérifié automatiquement,2025-12-04 15:50
22571221,image,vérifié automatiquement,2025-12-04 15:50
22571241,image,vérifié automatiquement,2025-12-04 15:50
22571251,image,vérifié automatiquement,2025-12-04 15:50
22571261,image,vérifié automatiquement,2025-12-04 15:50
22571271,image,vérifié automatiquement,2025-12-04 15:50
22571281,image,vérifié automatiquement,2025-12-04 15:50
22573211,image,vérifié automatiquement,2025-12-04 15:50
22573241,image,vérifié automatiquement,2025-12-04 15:50
22573251,image,vérifié automatiquement,2025-12-04 15:50
22573261,image,vérifié automatiquement,2025-12-04 15:50
22573281,image,vérifié automatiquement,2025-12-04 15:50
22573301,image,vérifié automatiquement,2025-12-04 15:50
22573311,image,vérifié automatiquement,2025-12-04 15:50
22573321,image,vérifié automatiquement,2025-12-04 15:50
22573331,image,vérifié automatiquement,2025-12-04 15:50
22573351,image,vérifié automatiquement,2025-12-04 15:50
22573361,image,vérifié automatiquement,2025-12-04 15:50
22573371,image,vérifié automatiquement,2025-12-04 15:50
22573431,image,vérifié automatiquement,2025-12-04 15:50
22573451,image,vérifié automatiquement,2025-12-04 15:50
22573491,image,vérifié automatiquement,2025-12-04 15:50
22574301,image,vérifié automatiquement,2025-12-04 15:50
22574311,image,vérifié automatiquement,2025-12-04 15:50
22574321,image,vérifié automatiquement,2025-12-04 15:50
22574391,image,vérifié automatiquement,2025-12-04 15:50
22574431,image,vérifié automatiquement,2025-12-04 15:50
22574441,image,vérifié automatiquement,2025-12-04 15:50
22574491,image,vérifié automatiquement,2025-12-04 15:50
22574501,image,vérifié automatiquement,2025-12-04 15:50
22574531,image,vérifié automatiquement,2025-12-04 15:50
22574541,image,vérifié automatiquement,2025-12-04 15:50
22574551,image,vérifié automatiquement,2025-12-04 15:50
22574561,image,vérifié automatiquement,2025-12-04 15:50
22574581,image,vérifié automatiquement,2025-12-04 15:50
22574611,image,vérifié automatiquement,2025-12-04 15:50
22574621,image,vérifié automatiquement,2025-12-04 15:50
22575801,image,vérifié automatiquement,2025-12-04 15:50
22575821,image,vérifié automatiquement,2025-12-04 15:50
22575831,image,vérifié automatiquement,2025-12-04 15:50
22575851,image,vérifié automatiquement,2025-12-04 15:50
22575861,image,vérifié automatiquement,2025-12-04 15:50
22575871,image,vérifié automatiquement,2025-12-04 15:50
22575911,image,vérifié automatiquement,2025-12-04 15:50
22575921,image,vérifié automatiquement,2025-12-04 15:50
22575991,image,vérifié automatiquement,2025-12-04 15:50
22576021,image,vérifié automatiquement,2025-12-04 15:50
22576051,image,vérifié automatiquement,2025-12-04 15:50
22576061,image,vérifié automatiquement,2025-12-04 15:50
22576081,image,vérifié automatiquement,2025-12-04 15:50
22576101,image,vérifié automatiquement,2025-12-04 15:50
22576111,image,vérifié automatiquement,2025-12-04 15:50
22576171,image,vérifié automatiquement,2025-12-04 15:50
22576221,image,vérifié automatiquement,2025-12-04 15:50
22576261,image,vérifié automatiquement,2025-12-04 15:50
22576271,image,vérifié automatiquement,2025-12-04 15:50
22576281,image,vérifié automatiquement,2025-12-04 15:50
22576311,image,vérifié automatiquement,2025-12-04 15:50
22576321,image,vérifié automatiquement,2025-12-04 15:50
22576351,image,vérifié automatiquement,2025-12-04 15:50
22576381,image,vérifié automatiquement,2025-12-04 15:50
22576451,image,vérifié automatiquement,2025-12-04 15:50
22576641,image,vérifié automatiquement,2025-12-04 15:50
22576671,image,vérifié automatiquement,2025-12-04 15:50
22576681,image,vérifié automatiquement,2025-12-04 15:50
22576691,image,vérifié automatiquement,2025-12-04 15:50
22576701,image,vérifié automatiquement,2025-12-04 15:50
22576711,image,vérifié automatiquement,2025-12-04 15:50
22576721,image,vérifié automatiquement,2025-12-04 15:50
22576731,image,vérifié automatiquement,2025-12-04 15:50
22576781,image,vérifié automatiquement,2025-12-04 15:50
22576811,image,vérifié automatiquement,2025-12-04 15:50
22576821,image,vérifié automatiquement,2025-12-04 15:50
22576901,image,vérifié automatiquement,2025-12-04 15:50
22576961,image,vérifié automatiquement,2025-12-04 15:50
22577171,image,vérifié automatiquement,2025-12-04 15:50
22577181,image,vérifié automatiquement,2025-12-04 15:50
22577191,image,vérifié automatiquement,2025-12-04 15:50
22577241,image,vérifié automatiquement,2025-12-04 15:50
22577291,image,vérifié automatiquement,2025-12-04 15:50
22577301,image,vérifié automatiquement,2025-12-04 15:50
22577331,image,vérifié automatiquement,2025-12-04 15:50
22577351,image,vérifié automatiquement,2025-12-04 15:50
22577361,image,vérifié automatiquement,2025-12-04 15:50
22577411,image,vérifié automatiquement,2025-12-04 15:50
22577421,image,vérifié automatiquement,2025-12-04 15:50
22577461,image,vérifié automatiquement,2025-12-04 15:50
22577481,image,vérifié automatiquement,2025-12-04 15:50
22577491,image,vérifié automatiquement,2025-12-04 15:50
22577541,image,vérifié automatiquement,2025-12-04 15:50
22577601,image,vérifié automatiquement,2025-12-04 15:50
22577611,image,vérifié automatiquement,2025-12-04 15:50
22577621,image,vérifié automatiquement,2025-12-04 15:50
22577651,image,vérifié automatiquement,2025-12-04 15:50
22577661,image,vérifié automatiquement,2025-12-04 15:50
22577881,image,vérifié automatiquement,2025-12-04 15:50
22577911,image,vérifié automatiquement,2025-12-04 15:50
22577921,image,vérifié automatiquement,2025-12-04 15:50
22577971,image,vérifié automatiquement,2025-12-04 15:50
22577991,image,vérifié automatiquement,2025-12-04 15:50
22578001,image,vérifié automatiquement,2025-12-04 15:50
22578011,image,vérifié automatiquement,2025-12-04 15:50
22578021,image,vérifié automatiquement,2025-12-04 15:50
22578031,image,vérifié automatiquement,2025-12-04 15:50
22578241,image,vérifié automatiquement,2025-12-04 15:50
22585571,image,vérifié automatiquement,2025-12-04 15:50
22585581,image,vérifié automatiquement,2025-12-04 15:50
22585591,image,vérifié automatiquement,2025-12-04 15:50
22585601,image,vérifié automatiquement,2025-12-04 15:50
22585631,image,vérifié automatiquement,2025-12-04 15:50
22586001,image,vérifié automatiquement,2025-12-04 15:50
22586121,image,vérifié automatiquement,2025-12-04 15:50
22586131,image,vérifié automatiquement,2025-12-04 15:50
22586221,image,vérifié automatiquement,2025-12-04 15:50
22586251,image,vérifié automatiquement,2025-12-04 15:50
22586261,image,vérifié automatiquement,2025-12-04 15:50
22586271,image,vérifié automatiquement,2025-12-04 15:50
22586281,image,vérifié automatiquement,2025-12-04 15:50
22586291,image,vérifié automatiquement,2025-12-04 15:50
22586321,image,vérifié automatiquement,2025-12-04 15:50
22586411,image,vérifié automatiquement,2025-12-04 15:50
22586421,image,vérifié automatiquement,2025-12-04 15:50
22586491,image,vérifié automatiquement,2025-12-04 15:50
22586541,image,vérifié automatiquement,2025-12-04 15:50
22586551,image,vérifié automatiquement,2025-12-04 15:50
22586561,image,vérifié automatiquement,2025-12-04 15:50
22586631,image,vérifié automatiquement,2025-12-04 15:50
22586641,image,vérifié automatiquement,2025-12-04 15:50
22586661,image,vérifié automatiquement,2025-12-04 15:50
22586681,image,vérifié automatiquement,2025-12-04 15:50
22586711,image,vérifié automatiquement,2025-12-04 15:50
22586791,image,vérifié automatiquement,2025-12-04 15:50
22586801,image,vérifié automatiquement,2025-12-04 15:50
22587011,image,vérifié automatiquement,2025-12-04 15:50
22587021,image,vérifié automatiquement,2025-12-04 15:50
22587051,image,vérifié automatiquement,2025-12-04 15:50
22587061,image,vérifié automatiquement,2025-12-04 15:50
22587071,image,vérifié automatiquement,2025-12-04 15:50
22587081,image,vérifié automatiquement,2025-12-04 15:50
22587201,image,vérifié automatiquement,2025-12-04 15:50
22594111,image,vérifié automatiquement,2025-12-04 15:50
22594131,image,vérifié automatiquement,2025-12-04 15:50
228752921,image,vérifié automatiquement,2025-12-04 15:50
228752961,image,vérifié automatiquement,2025-12-04 15:50
229460751,image,vérifié automatiquement,2025-12-04 15:50
229460761,image,vérifié automatiquement,2025-12-04 15:50
229460921,image,vérifié automatiquement,2025-12-04 15:50
229460961,image,vérifié automatiquement,2025-12-04 15:50
230155011,image,vérifié automatiquement,2025-12-04 15:50
231065201,image,vérifié automatiquement,2025-12-04 15:50
231073561,image,vérifié automatiquement,2025-12-04 15:50
232090771,image,vérifié automatiquement,2025-12-04 15:50
232090781,image,vérifié automatiquement,2025-12-04 15:50
232090791,image,vérifié automatiquement,2025-12-04 15:50
232090911,image,vérifié automatiquement,2025-12-04 15:50
232090921,image,vérifié automatiquement,2025-12-04 15:50
232090941,image,vérifié automatiquement,2025-12-04 15:50
232090951,image,vérifié automatiquement,2025-12-04 15:50
232090971,image,vérifié automatiquement,2025-12-04 15:50
232091011,image,vérifié automatiquement,2025-12-04 15:50
232091041,image,vérifié automatiquement,2025-12-04 15:50
232091831,image,vérifié automatiquement,2025-12-04 15:50
232533531,image,vérifié automatiquement,2025-12-04 15:50
232533631,image,vérifié automatiquement,2025-12-04 15:50
233068751,image,vérifié automatiquement,2025-12-04 15:50
233068761,image,vérifié automatiquement,2025-12-04 15:50
233068801,image,vérifié automatiquement,2025-12-04 15:50
233068821,image,vérifié automatiquement,2025-12-04 15:50
233068921,image,vérifié automatiquement,2025-12-04 15:50
233068981,image,vérifié automatiquement,2025-12-04 15:50
233069121,image,vérifié automatiquement,2025-12-04 15:50
233069281,image,vérifié automatiquement,2025-12-04 15:50
233069301,image,vérifié automatiquement,2025-12-04 15:50
233069341,image,vérifié automatiquement,2025-12-04 15:50
234518641,image,vérifié automatiquement,2025-12-04 15:50
234518651,image,vérifié automatiquement,2025-12-04 15:50
234518711,image,vérifié automatiquement,2025-12-04 15:50
234518741,image,vérifié automatiquement,2025-12-04 15:50
235354961,image,vérifié automatiquement,2025-12-04 15:50
235354971,image,vérifié automatiquement,2025-12-04 15:50
235354981,image,vérifié automatiquement,2025-12-04 15:50
235354991,image,vérifié automatiquement,2025-12-04 15:50
235355031,image,vérifié automatiquement,2025-12-04 15:50
235355181,image,vérifié automatiquement,2025-12-04 15:50
235746521,image,vérifié automatiquement,2025-12-04 15:50
235746631,image,vérifié automatiquement,2025-12-04 15:50
235747161,image,vérifié automatiquement,2025-12-04 15:50
236024241,image,vérifié automatiquement,2025-12-04 15:50
236024251,image,vérifié automatiquement,2025-12-04 15:50
236024381,image,vérifié automatiquement,2025-12-04 15:50
236256161,image,vérifié automatiquement,2025-12-04 15:50
236334771,image,vérifié automatiquement,2025-12-04 15:50
236334831,image,vérifié automatiquement,2025-12-04 15:50
236334941,image,vérifié automatiquement,2025-12-04 15:50
236335031,image,vérifié automatiquement,2025-12-04 15:50
237180481,image,vérifié automatiquement,2025-12-04 15:50
237180491,image,vérifié automatiquement,2025-12-04 15:50
237180511,image,vérifié automatiquement,2025-12-04 15:50
237306591,image,vérifié automatiquement,2025-12-04 15:50
237306751,image,vérifié automatiquement,2025-12-04 15:50
237306861,image,vérifié automatiquement,2025-12-04 15:50
237658781,image,vérifié automatiquement,2025-12-04 15:50
237658841,image,vérifié automatiquement,2025-12-04 15:50
237658901,image,vérifié automatiquement,2025-12-04 15:50
237658931,image,vérifié automatiquement,2025-12-04 15:50
237658981,image,vérifié automatiquement,2025-12-04 15:50
237927681,image,vérifié automatiquement,2025-12-04 15:50
237927691,image,vérifié automatiquement,2025-12-04 15:50
237928131,image,vérifié automatiquement,2025-12-04 15:50
239842271,image,vérifié automatiquement,2025-12-04 15:50
239842281,image,vérifié automatiquement,2025-12-04 15:50
239842291,image,vérifié automatiquement,2025-12-04 15:50
239842301,image,vérifié automatiquement,2025-12-04 15:50
239842461,image,vérifié automatiquement,2025-12-04 15:50
239842471,image,vérifié automatiquement,2025-12-04 15:50
239842491,image,vérifié automatiquement,2025-12-04 15:50
239842561,image,vérifié automatiquement,2025-12-04 15:50
241761671,image,vérifié automatiquement,2025-12-04 15:50
241761681,image,vérifié automatiquement,2025-12-04 15:50
241778971,image,vérifié automatiquement,2025-12-04 15:50
241778991,image,vérifié automatiquement,2025-12-04 15:50
241779011,image,vérifié automatiquement,2025-12-04 15:50
242887041,image,vérifié automatiquement,2025-12-04 15:50
242887061,image,vérifié automatiquement,2025-12-04 15:50
242887071,image,vérifié automatiquement,2025-12-04 15:50
242887131,image,vérifié automatiquement,2025-12-04 15:50
242887141,image,vérifié automatiquement,2025-12-04 15:50
242887151,image,vérifié automatiquement,2025-12-04 15:50
243051051,image,vérifié automatiquement,2025-12-04 15:50
243051071,image,vérifié automatiquement,2025-12-04 15:50
243340661,image,vérifié automatiquement,2025-12-04 15:50
243341421,image,vérifié automatiquement,2025-12-04 15:50
243341461,image,vérifié automatiquement,2025-12-04 15:50
243767601,image,vérifié automatiquement,2025-12-04 15:50
243767651,image,vérifié automatiquement,2025-12-04 15:50
243767771,image,vérifié automatiquement,2025-12-04 15:50
243767861,image,vérifié automatiquement,2025-12-04 15:50
244805811,image,vérifié automatiquement,2025-12-04 15:50
244805821,image,vérifié automatiquement,2025-12-04 15:50
244805831,image,vérifié automatiquement,2025-12-04 15:50
244805891,image,vérifié automatiquement,2025-12-04 15:50
245859501,image,vérifié automatiquement,2025-12-04 15:50
245859551,image,vérifié automatiquement,2025-12-04 15:50
245859621,image,vérifié automatiquement,2025-12-04 15:50
245859631,image,vérifié automatiquement,2025-12-04 15:50
245901691,image,vérifié automatiquement,2025-12-04 15:50
247737301,image,vérifié automatiquement,2025-12-04 15:50
247737311,image,vérifié automatiquement,2025-12-04 15:50
247737321,image,vérifié automatiquement,2025-12-04 15:50
247737601,image,vérifié automatiquement,2025-12-04 15:50
247737661,image,vérifié automatiquement,2025-12-04 15:50
247861811,image,vérifié automatiquement,2025-12-04 15:50
247861841,image,vérifié automatiquement,2025-12-04 15:50
247861851,image,vérifié automatiquement,2025-12-04 15:50
247861891,image,vérifié automatiquement,2025-12-04 15:50
247861911,image,vérifié automatiquement,2025-12-04 15:50
247861951,image,vérifié automatiquement,2025-12-04 15:50
247861971,image,vérifié automatiquement,2025-12-04 15:50
247862181,image,vérifié automatiquement,2025-12-04 15:50
248252401,image,vérifié automatiquement,2025-12-04 15:50
248252411,image,vérifié automatiquement,2025-12-04 15:50
248252421,image,vérifié automatiquement,2025-12-04 15:50
248252441,image,vérifié automatiquement,2025-12-04 15:50
248323721,image,vérifié automatiquement,2025-12-04 15:50
248323861,image,vérifié automatiquement,2025-12-04 15:50
251312361,image,vérifié automatiquement,2025-12-04 15:50
251312951,image,vérifié automatiquement,2025-12-04 15:50
251312961,image,vérifié automatiquement,2025-12-04 15:50
251312971,image,vérifié automatiquement,2025-12-04 15:50
251313021,image,vérifié automatiquement,2025-12-04 15:50
252403531,exclu_manuel,pas propriétaire,2025-12-05 13:11
254555221,image,vérifié automatiquement,2025-12-04 15:50
254555231,image,vérifié automatiquement,2025-12-04 15:50
256642601,image,vérifié automatiquement,2025-12-04 15:50
256642721,image,vérifié automatiquement,2025-12-04 15:50
256642741,image,vérifié automatiquement,2025-12-04 15:50
258443261,image,vérifié automatiquement,2025-12-04 15:50
258447521,image,vérifié automatiquement,2025-12-04 15:50
258447531,image,vérifié automatiquement,2025-12-04 15:50
259030701,image,vérifié automatiquement,2025-12-04 15:50
262475501,image,vérifié automatiquement,2025-12-04 15:50
262475561,image,vérifié automatiquement,2025-12-04 15:50
262475601,image,vérifié automatiquement,2025-12-04 15:50
262475681,image,vérifié automatiquement,2025-12-04 15:50
262475741,image,vérifié automatiquement,2025-12-04 15:50
262642441,image,vérifié automatiquement,2025-12-04 15:50
264510981,image,vérifié automatiquement,2025-12-04 15:50
264511021,image,vérifié automatiquement,2025-12-04 15:50
266001211,image,vérifié automatiquement,2025-12-04 15:50
266002871,image,vérifié automatiquement,2025-12-04 15:50
268187891,image,vérifié automatiquement,2025-12-04 15:50
270246871,image,vérifié automatiquement,2025-12-04 15:50
270250151,image,vérifié automatiquement,2025-12-04 15:50
272991661,image,vérifié automatiquement,2025-12-04 15:50
274727211,image,vérifié automatiquement,2025-12-04 15:50
274727291,image,vérifié automatiquement,2025-12-04 15:50
274727591,image,vérifié automatiquement,2025-12-04 15:50
275243961,image,vérifié automatiquement,2025-12-04 15:50
276494481,image,vérifié automatiquement,2025-12-04 15:50
276713241,image,vérifié automatiquement,2025-12-04 15:50
281736041,image,vérifié automatiquement,2025-12-04 15:50
28273181,image,vérifié automatiquement,2025-12-04 15:50
283906361,image,vérifié automatiquement,2025-12-04 15:50
283906371,image,vérifié automatiquement,2025-12-04 15:50
287852741,image,vérifié automatiquement,2025-12-04 15:50
287852761,image,vérifié automatiquement,2025-12-04 15:50
289861741,image,vérifié automatiquement,2025-12-04 15:50
289861761,image,vérifié automatiquement,2025-12-04 15:50
289861881,image,vérifié automatiquement,2025-12-04 15:50
290131481,image,vérifié automatiquement,2025-12-04 15:50
290133561,image,vérifié automatiquement,2025-12-04 15:50
290135451,image,vérifié automatiquement,2025-12-04 15:50
290136291,image,vérifié automatiquement,2025-12-04 15:50
290141701,image,vérifié automatiquement,2025-12-04 15:50
290197541,image,vérifié automatiquement,2025-12-04 15:50
290197581,image,vérifié automatiquement,2025-12-04 15:50
290197591,image,vérifié automatiquement,2025-12-04 15:50
290406231,image,vérifié automatiquement,2025-12-04 15:50
292505901,image,vérifié automatiquement,2025-12-04 15:50
292507311,image,vérifié automatiquement,2025-12-04 15:50
292507431,image,vérifié automatiquement,2025-12-04 15:50
292646301,image,vérifié automatiquement,2025-12-04 15:50
292646311,image,vérifié automatiquement,2025-12-04 15:50
292646341,image,vérifié automatiquement,2025-12-04 15:50
292646371,image,vérifié automatiquement,2025-12-04 15:50
292646381,image,vérifié automatiquement,2025-12-04 15:50
293729751,image,vérifié automatiquement,2025-12-04 15:50
293729771,image,vérifié automatiquement,2025-12-04 15:50
293729781,image,vérifié automatiquement,2025-12-04 15:50
293729811,image,vérifié automatiquement,2025-12-04 15:50
293729841,image,vérifié automatiquement,2025-12-04 15:50
293730021,image,vérifié automatiquement,2025-12-04 15:50
294167781,image,vérifié automatiquement,2025-12-04 15:50
29630311,image,vérifié automatiquement,2025-12-04 15:50
29630331,image,vérifié automatiquement,2025-12-04 15:50
29630341,image,vérifié automatiquement,2025-12-04 15:50
29630351,image,vérifié automatiquement,2025-12-04 15:50
29630361,image,vérifié automatiquement,2025-12-04 15:50
29630371,image,vérifié automatiquement,2025-12-04 15:50
29630381,image,vérifié automatiquement,2025-12-04 15:50
29630521,image,vérifié automatiquement,2025-12-04 15:50
29630531,image,vérifié automatiquement,2025-12-04 15:50
29630551,image,vérifié automatiquement,2025-12-04 15:50
29630611,image,vérifié automatiquement,2025-12-04 15:50
29630631,image,vérifié automatiquement,2025-12-04 15:50
29630641,image,vérifié automatiquement,2025-12-04 15:50
29630671,image,vérifié automatiquement,2025-12-04 15:50
29630681,image,vérifié automatiquement,2025-12-04 15:50
29630691,image,vérifié automatiquement,2025-12-04 15:50
29630741,image,vérifié automatiquement,2025-12-04 15:50
29630761,image,vérifié automatiquement,2025-12-04 15:50
29630801,image,vérifié automatiquement,2025-12-04 15:50
29630971,image,vérifié automatiquement,2025-12-04 15:50
29630991,image,vérifié automatiquement,2025-12-04 15:50
29631001,image,vérifié automatiquement,2025-12-04 15:50
29631041,image,vérifié automatiquement,2025-12-04 15:50
29631071,image,vérifié automatiquement,2025-12-04 15:50
29631081,image,vérifié automatiquement,2025-12-04 15:50
29631121,image,vérifié automatiquement,2025-12-04 15:50
29631141,image,vérifié automatiquement,2025-12-04 15:50
29631161,image,vérifié automatiquement,2025-12-04 15:50
29631221,image,vérifié automatiquement,2025-12-04 15:50
29631231,image,vérifié automatiquement,2025-12-04 15:50
29631251,image,vérifié automatiquement,2025-12-04 15:50
29631301,image,vérifié automatiquement,2025-12-04 15:50
29631311,image,vérifié automatiquement,2025-12-04 15:50
29631341,image,vérifié automatiquement,2025-12-04 15:50
29631391,image,vérifié automatiquement,2025-12-04 15:50
29631401,image,vérifié automatiquement,2025-12-04 15:50
29631421,image,vérifié automatiquement,2025-12-04 15:50
29631431,image,vérifié automatiquement,2025-12-04 15:50
29631441,image,vérifié automatiquement,2025-12-04 15:50
29631481,image,vérifié automatiquement,2025-12-04 15:50
29631511,image,vérifié automatiquement,2025-12-04 15:50
29631531,image,vérifié automatiquement,2025-12-04 15:50
29631551,image,vérifié automatiquement,2025-12-04 15:50
29631561,image,vérifié automatiquement,2025-12-04 15:50
29631571,image,vérifié automatiquement,2025-12-04 15:50
29631591,image,vérifié automatiquement,2025-12-04 15:50
29631611,image,vérifié automatiquement,2025-12-04 15:50
29631621,image,vérifié automatiquement,2025-12-04 15:50
29631651,image,vérifié automatiquement,2025-12-04 15:50
29631661,image,vérifié automatiquement,2025-12-04 15:50
29631721,image,vérifié automatiquement,2025-12-04 15:50
29631741,image,vérifié automatiquement,2025-12-04 15:50
29631751,image,vérifié automatiquement,2025-12-04 15:50
29631761,image,vérifié automatiquement,2025-12-04 15:50
29631841,image,vérifié automatiquement,2025-12-04 15:50
29631941,image,vérifié automatiquement,2025-12-04 15:50
29631961,image,vérifié automatiquement,2025-12-04 15:50
29632051,image,vérifié automatiquement,2025-12-04 15:50
29632101,image,vérifié automatiquement,2025-12-04 15:50
29632141,image,vérifié automatiquement,2025-12-04 15:50
29632161,image,vérifié automatiquement,2025-12-04 15:50
29632171,image,vérifié automatiquement,2025-12-04 15:50
29632181,image,vérifié automatiquement,2025-12-04 15:50
29632221,image,vérifié automatiquement,2025-12-04 15:50
29632231,image,vérifié automatiquement,2025-12-04 15:50
29632241,image,vérifié automatiquement,2025-12-04 15:50
29632271,image,vérifié automatiquement,2025-12-04 15:50
29632291,image,vérifié automatiquement,2025-12-04 15:50
29632361,image,vérifié automatiquement,2025-12-04 15:50
29632511,image,vérifié automatiquement,2025-12-04 15:50
29632541,image,vérifié automatiquement,2025-12-04 15:50
29632551,image,vérifié automatiquement,2025-12-04 15:50
29632571,image,vérifié automatiquement,2025-12-04 15:50
29632631,image,vérifié automatiquement,2025-12-04 15:50
29632641,image,vérifié automatiquement,2025-12-04 15:50
29632651,image,vérifié automatiquement,2025-12-04 15:50
29632661,image,vérifié automatiquement,2025-12-04 15:50
29632671,image,vérifié automatiquement,2025-12-04 15:50
29632691,image,vérifié automatiquement,2025-12-04 15:50
29632701,image,vérifié automatiquement,2025-12-04 15:50
29632741,image,vérifié automatiquement,2025-12-04 15:50
29632751,image,vérifié automatiquement,2025-12-04 15:50
29632761,image,vérifié automatiquement,2025-12-04 15:50
29632771,image,vérifié automatiquement,2025-12-04 15:50
29632781,image,vérifié automatiquement,2025-12-04 15:50
29632801,image,vérifié automatiquement,2025-12-04 15:50
29632831,image,vérifié automatiquement,2025-12-04 15:50
29632841,image,vérifié automatiquement,2025-12-04 15:50
29632851,image,vérifié automatiquement,2025-12-04 15:50
29632861,image,vérifié automatiquement,2025-12-04 15:50
29632871,image,vérifié automatiquement,2025-12-04 15:50
29632901,image,vérifié automatiquement,2025-12-04 15:50
29632911,image,vérifié automatiquement,2025-12-04 15:50
29632931,image,vérifié automatiquement,2025-12-04 15:50
29632941,image,vérifié automatiquement,2025-12-04 15:50
29632951,image,vérifié automatiquement,2025-12-04 15:50
29632991,image,vérifié automatiquement,2025-12-04 15:50
29633031,image,vérifié automatiquement,2025-12-04 15:50
29633041,image,vérifié automatiquement,2025-12-04 15:50
29633131,image,vérifié automatiquement,2025-12-04 15:50
29633181,image,vérifié automatiquement,2025-12-04 15:50
29633201,image,vérifié automatiquement,2025-12-04 15:50
29633231,image,vérifié automatiquement,2025-12-04 15:50
29633301,image,vérifié automatiquement,2025-12-04 15:50
29633321,image,vérifié automatiquement,2025-12-04 15:50
29633351,image,vérifié automatiquement,2025-12-04 15:50
29633441,image,vérifié automatiquement,2025-12-04 15:50
29633461,image,vérifié automatiquement,2025-12-04 15:50
29633511,image,vérifié automatiquement,2025-12-04 15:50
29633541,image,vérifié automatiquement,2025-12-04 15:50
29633691,image,vérifié automatiquement,2025-12-04 15:50
29633731,image,vérifié automatiquement,2025-12-04 15:50
29633771,image,vérifié automatiquement,2025-12-04 15:50
29633821,image,vérifié automatiquement,2025-12-04 15:50
29633831,image,vérifié automatiquement,2025-12-04 15:50
29633841,image,vérifié automatiquement,2025-12-04 15:50
29634001,image,vérifié automatiquement,2025-12-04 15:50
29634061,image,vérifié automatiquement,2025-12-04 15:50
29634081,image,vérifié automatiquement,2025-12-04 15:50
29634111,image,vérifié automatiquement,2025-12-04 15:50
29634121,image,vérifié automatiquement,2025-12-04 15:50
29634151,image,vérifié automatiquement,2025-12-04 15:50
29634171,image,vérifié automatiquement,2025-12-04 15:50
29634221,image,vérifié automatiquement,2025-12-04 15:50
29634271,image,vérifié automatiquement,2025-12-04 15:50
29634281,image,vérifié automatiquement,2025-12-04 15:50
29634331,image,vérifié automatiquement,2025-12-04 15:50
29634371,image,vérifié automatiquement,2025-12-04 15:50
29634451,image,vérifié automatiquement,2025-12-04 15:50
29634461,image,vérifié automatiquement,2025-12-04 15:50
29634471,image,vérifié automatiquement,2025-12-04 15:50
29634481,image,vérifié automatiquement,2025-12-04 15:50
29634531,image,vérifié automatiquement,2025-12-04 15:50
29634551,image,vérifié automatiquement,2025-12-04 15:50
29634561,image,vérifié automatiquement,2025-12-04 15:50
29634591,image,vérifié automatiquement,2025-12-04 15:50
29651591,image,vérifié automatiquement,2025-12-04 15:50
29651601,image,vérifié automatiquement,2025-12-04 15:50
29651611,image,vérifié automatiquement,2025-12-04 15:50
29651621,image,vérifié automatiquement,2025-12-04 15:50
29651641,image,vérifié automatiquement,2025-12-04 15:50
29651651,image,vérifié automatiquement,2025-12-04 15:50
29651661,image,vérifié automatiquement,2025-12-04 15:50
29651671,image,vérifié automatiquement,2025-12-04 15:50
29651681,image,vérifié automatiquement,2025-12-04 15:50
29651691,image,vérifié automatiquement,2025-12-04 15:50
29651701,image,vérifié automatiquement,2025-12-04 15:50
29651711,image,vérifié automatiquement,2025-12-04 15:50
29651721,image,vérifié automatiquement,2025-12-04 15:50
29651731,image,vérifié automatiquement,2025-12-04 15:50
29651741,image,vérifié automatiquement,2025-12-04 15:50
29651751,image,vérifié automatiquement,2025-12-04 15:50
29651761,image,vérifié automatiquement,2025-12-04 15:50
29651771,image,vérifié automatiquement,2025-12-04 15:50
29652111,image,vérifié automatiquement,2025-12-04 15:50
29652131,image,vérifié automatiquement,2025-12-04 15:50
29652141,image,vérifié automatiquement,2025-12-04 15:50
29652161,image,vérifié automatiquement,2025-12-04 15:50
29652171,image,vérifié automatiquement,2025-12-04 15:50
29652231,image,vérifié automatiquement,2025-12-04 15:50
29652241,image,vérifié automatiquement,2025-12-04 15:50
29652251,image,vérifié automatiquement,2025-12-04 15:50
29652281,image,vérifié automatiquement,2025-12-04 15:50
29682791,image,vérifié automatiquement,2025-12-04 15:50
29682801,image,vérifié automatiquement,2025-12-04 15:50
29682821,image,vérifié automatiquement,2025-12-04 15:50
29682831,image,vérifié automatiquement,2025-12-04 15:50
29682851,image,vérifié automatiquement,2025-12-04 15:50
29682861,image,vérifié automatiquement,2025-12-04 15:50
29683581,image,vérifié automatiquement,2025-12-04 15:50
29683591,image,vérifié automatiquement,2025-12-04 15:50
29683611,image,vérifié automatiquement,2025-12-04 15:50
29683631,image,vérifié automatiquement,2025-12-04 15:50
29683651,image,vérifié automatiquement,2025-12-04 15:50
29683661,image,vérifié automatiquement,2025-12-04 15:50
29683671,image,vérifié automatiquement,2025-12-04 15:50
29683681,image,vérifié automatiquement,2025-12-04 15:50
29683701,image,vérifié automatiquement,2025-12-04 15:50
29683761,image,vérifié automatiquement,2025-12-04 15:50
29683821,image,vérifié automatiquement,2025-12-04 15:50
29683851,image,vérifié automatiquement,2025-12-04 15:50
29683861,image,vérifié automatiquement,2025-12-04 15:50
29683911,image,vérifié automatiquement,2025-12-04 15:50
29683921,image,vérifié automatiquement,2025-12-04 15:50
29683971,image,vérifié automatiquement,2025-12-04 15:50
29683981,image,vérifié automatiquement,2025-12-04 15:50
29683991,image,vérifié automatiquement,2025-12-04 15:50
3,son,pas d'image 480 disponible,2025-12-05 13:09
30140421,image,vérifié automatiquement,2025-12-04 15:50
30140431,image,vérifié automatiquement,2025-12-04 15:50
30140441,image,vérifié automatiquement,2025-12-04 15:50
30140471,image,vérifié automatiquement,2025-12-04 15:50
303083711,image,vérifié automatiquement,2025-12-04 15:50
303083741,image,vérifié automatiquement,2025-12-04 15:50
30316751,image,vérifié automatiquement,2025-12-04 15:50
303184231,image,vérifié automatiquement,2025-12-04 15:50
30806551,image,vérifié automatiquement,2025-12-04 15:50
30806651,image,vérifié automatiquement,2025-12-04 15:50
30806661,image,vérifié automatiquement,2025-12-04 15:50
309067551,image,vérifié automatiquement,2025-12-04 15:50
309067561,image,vérifié automatiquement,2025-12-04 15:50
309069711,image,vérifié automatiquement,2025-12-04 15:50
309070901,image,vérifié automatiquement,2025-12-04 15:50
310883681,image,vérifié automatiquement,2025-12-04 15:50
310883771,image,vérifié automatiquement,2025-12-04 15:50
310883781,image,vérifié automatiquement,2025-12-04 15:50
310883791,image,vérifié automatiquement,2025-12-04 15:50
310883861,image,vérifié automatiquement,2025-12-04 15:50
310883931,image,vérifié automatiquement,2025-12-04 15:50
31149401,image,vérifié automatiquement,2025-12-04 15:50
31149421,image,vérifié automatiquement,2025-12-04 15:50
31149451,image,vérifié automatiquement,2025-12-04 15:50
313641331,image,vérifié automatiquement,2025-12-04 15:50
313641371,image,vérifié automatiquement,2025-12-04 15:50
313641401,image,vérifié automatiquement,2025-12-04 15:50
313641451,image,vérifié automatiquement,2025-12-04 15:50
313641471,image,vérifié automatiquement,2025-12-04 15:50
313641531,image,vérifié automatiquement,2025-12-04 15:50
313641561,image,vérifié automatiquement,2025-12-04 15:50
31496671,image,vérifié automatiquement,2025-12-04 15:50
31496761,image,vérifié automatiquement,2025-12-04 15:50
31496831,image,vérifié automatiquement,2025-12-04 15:50
31496861,image,vérifié automatiquement,2025-12-04 15:50
31496881,image,vérifié automatiquement,2025-12-04 15:50
31496891,image,vérifié automatiquement,2025-12-04 15:50
31496911,image,vérifié automatiquement,2025-12-04 15:50
31497341,image,vérifié automatiquement,2025-12-04 15:50
31497411,image,vérifié automatiquement,2025-12-04 15:50
31497421,image,vérifié automatiquement,2025-12-04 15:50
31497451,image,vérifié automatiquement,2025-12-04 15:50
31497461,image,vérifié automatiquement,2025-12-04 15:50
31497471,image,vérifié automatiquement,2025-12-04 15:50
31497511,image,vérifié automatiquement,2025-12-04 15:50
31497541,image,vérifié automatiquement,2025-12-04 15:50
31497551,image,vérifié automatiquement,2025-12-04 15:50
31497611,image,vérifié automatiquement,2025-12-04 15:50
31497621,image,vérifié automatiquement,2025-12-04 15:50
320412771,image,vérifié automatiquement,2025-12-04 15:50
320412821,image,vérifié automatiquement,2025-12-04 15:50
320412931,image,vérifié automatiquement,2025-12-04 15:50
320412941,image,vérifié automatiquement,2025-12-04 15:50
320413041,image,vérifié automatiquement,2025-12-04 15:50
323297091,image,vérifié automatiquement,2025-12-04 15:50
323298561,image,vérifié automatiquement,2025-12-04 15:50
323299991,image,vérifié automatiquement,2025-12-04 15:50
32543471,image,vérifié automatiquement,2025-12-04 15:50
32543541,image,vérifié automatiquement,2025-12-04 15:50
32543571,image,vérifié automatiquement,2025-12-04 15:50
32543611,image,vérifié automatiquement,2025-12-04 15:50
330265291,image,vérifié automatiquement,2025-12-04 15:50
330265651,image,vérifié automatiquement,2025-12-04 15:50
330265781,image,vérifié automatiquement,2025-12-04 15:50
33889401,image,vérifié automatiquement,2025-12-04 15:50
33889531,image,vérifié automatiquement,2025-12-04 15:50
33889541,image,vérifié automatiquement,2025-12-04 15:50
33889561,image,vérifié automatiquement,2025-12-04 15:50
33889571,image,vérifié automatiquement,2025-12-04 15:50
33889601,image,vérifié automatiquement,2025-12-04 15:50
33889621,image,vérifié automatiquement,2025-12-04 15:50
33889651,image,vérifié automatiquement,2025-12-04 15:50
33889811,image,vérifié automatiquement,2025-12-04 15:50
33889891,image,vérifié automatiquement,2025-12-04 15:50
33889901,image,vérifié automatiquement,2025-12-04 15:50
33889911,image,vérifié automatiquement,2025-12-04 15:50
33889921,image,vérifié automatiquement,2025-12-04 15:50
33889941,image,vérifié automatiquement,2025-12-04 15:50
33889971,image,vérifié automatiquement,2025-12-04 15:50
33890001,image,vérifié automatiquement,2025-12-04 15:50
33890051,image,vérifié automatiquement,2025-12-04 15:50
33890151,image,vérifié automatiquement,2025-12-04 15:50
33890161,image,vérifié automatiquement,2025-12-04 15:50
33890171,image,vérifié automatiquement,2025-12-04 15:50
33890201,image,vérifié automatiquement,2025-12-04 15:50
33890221,image,vérifié automatiquement,2025-12-04 15:50
33890231,image,vérifié automatiquement,2025-12-04 15:50
33890241,image,vérifié automatiquement,2025-12-04 15:50
33890281,image,vérifié automatiquement,2025-12-04 15:50
33890291,image,vérifié automatiquement,2025-12-04 15:50
33890361,image,vérifié automatiquement,2025-12-04 15:50
33890371,image,vérifié automatiquement,2025-12-04 15:50
33890381,image,vérifié automatiquement,2025-12-04 15:50
33890421,image,vérifié automatiquement,2025-12-04 15:50
33890451,image,vérifié automatiquement,2025-12-04 15:50
33890491,image,vérifié automatiquement,2025-12-04 15:50
33890601,image,vérifié automatiquement,2025-12-04 15:50
33890611,image,vérifié automatiquement,2025-12-04 15:50
33890671,image,vérifié automatiquement,2025-12-04 15:50
33890681,image,vérifié automatiquement,2025-12-04 15:50
33890741,image,vérifié automatiquement,2025-12-04 15:50
33890751,image,vérifié automatiquement,2025-12-04 15:50
33890761,image,vérifié automatiquement,2025-12-04 15:50
33890771,image,vérifié automatiquement,2025-12-04 15:50
33890781,image,vérifié automatiquement,2025-12-04 15:50
33890791,image,vérifié automatiquement,2025-12-04 15:50
33890801,image,vérifié automatiquement,2025-12-04 15:50
33890821,image,vérifié automatiquement,2025-12-04 15:50
33890841,image,vérifié automatiquement,2025-12-04 15:50
33890871,image,vérifié automatiquement,2025-12-04 15:50
33890891,image,vérifié automatiquement,2025-12-04 15:50
33890901,image,vérifié automatiquement,2025-12-04 15:50
33890911,image,vérifié automatiquement,2025-12-04 15:50
33891061,image,vérifié automatiquement,2025-12-04 15:50
33891071,image,vérifié automatiquement,2025-12-04 15:50
33891081,image,vérifié automatiquement,2025-12-04 15:50
33891121,image,vérifié automatiquement,2025-12-04 15:50
33891141,image,vérifié automatiquement,2025-12-04 15:50
33891161,image,vérifié automatiquement,2025-12-04 15:50
33891211,image,vérifié automatiquement,2025-12-04 15:50
33891311,image,vérifié automatiquement,2025-12-04 15:50
33891411,image,vérifié automatiquement,2025-12-04 15:50
33891501,image,vérifié automatiquement,2025-12-04 15:50
33891521,image,vérifié automatiquement,2025-12-04 15:50
33891731,image,vérifié automatiquement,2025-12-04 15:50
33891741,image,vérifié automatiquement,2025-12-04 15:50
33891751,image,vérifié automatiquement,2025-12-04 15:50
33891761,image,vérifié automatiquement,2025-12-04 15:50
33891771,image,vérifié automatiquement,2025-12-04 15:50
33891781,image,vérifié automatiquement,2025-12-04 15:50
33891841,image,vérifié automatiquement,2025-12-04 15:50
33891851,image,vérifié automatiquement,2025-12-04 15:50
33891861,image,vérifié automatiquement,2025-12-04 15:50
33891921,image,vérifié automatiquement,2025-12-04 15:50
33891931,image,vérifié automatiquement,2025-12-04 15:50
33892051,image,vérifié automatiquement,2025-12-04 15:50
33892071,image,vérifié automatiquement,2025-12-04 15:50
33892131,image,vérifié automatiquement,2025-12-04 15:50
33892231,image,vérifié automatiquement,2025-12-04 15:50
33892241,image,vérifié automatiquement,2025-12-04 15:50
33892271,image,vérifié automatiquement,2025-12-04 15:50
33892321,image,vérifié automatiquement,2025-12-04 15:50
33892361,image,vérifié automatiquement,2025-12-04 15:50
33892371,image,vérifié automatiquement,2025-12-04 15:50
33892381,image,vérifié automatiquement,2025-12-04 15:50
33892391,image,vérifié automatiquement,2025-12-04 15:50
339073581,image,vérifié automatiquement,2025-12-04 15:50
339073671,image,vérifié automatiquement,2025-12-04 15:50
339073751,image,vérifié automatiquement,2025-12-04 15:50
339073841,image,vérifié automatiquement,2025-12-04 15:50
339073851,image,vérifié automatiquement,2025-12-04 15:50
339073861,image,vérifié automatiquement,2025-12-04 15:50
339073881,image,vérifié automatiquement,2025-12-04 15:50
339073901,image,vérifié automatiquement,2025-12-04 15:50
339074041,image,vérifié automatiquement,2025-12-04 15:50
339074071,image,vérifié automatiquement,2025-12-04 15:50
339074141,image,vérifié automatiquement,2025-12-04 15:50
339074161,image,vérifié automatiquement,2025-12-04 15:50
339465171,image,vérifié automatiquement,2025-12-04 15:50
339465241,image,vérifié automatiquement,2025-12-04 15:50
339469061,image,vérifié automatiquement,2025-12-04 15:50
339625711,image,vérifié automatiquement,2025-12-04 15:50
339626051,image,vérifié automatiquement,2025-12-04 15:50
339626091,image,vérifié automatiquement,2025-12-04 15:50
340929901,image,vérifié automatiquement,2025-12-04 15:50
340929971,image,vérifié automatiquement,2025-12-04 15:50
340929991,image,vérifié automatiquement,2025-12-04 15:50
340930001,image,vérifié automatiquement,2025-12-04 15:50
340945621,image,vérifié automatiquement,2025-12-04 15:50
342757601,image,vérifié automatiquement,2025-12-04 15:50
342757681,image,vérifié automatiquement,2025-12-04 15:50
342759691,image,vérifié automatiquement,2025-12-04 15:50
342769361,image,vérifié automatiquement,2025-12-04 15:50
342770681,image,vérifié automatiquement,2025-12-04 15:50
343780191,image,vérifié automatiquement,2025-12-04 15:50
343780201,image,vérifié automatiquement,2025-12-04 15:50
343780211,image,vérifié automatiquement,2025-12-04 15:50
343780221,image,vérifié automatiquement,2025-12-04 15:50
343780231,image,vérifié automatiquement,2025-12-04 15:50
34383791,image,vérifié automatiquement,2025-12-04 15:50
34383801,image,vérifié automatiquement,2025-12-04 15:50
34383811,image,vérifié automatiquement,2025-12-04 15:50
34383831,image,vérifié automatiquement,2025-12-04 15:50
34383841,image,vérifié automatiquement,2025-12-04 15:50
34383851,image,vérifié automatiquement,2025-12-04 15:50
34383861,image,vérifié automatiquement,2025-12-04 15:50
34383881,image,vérifié automatiquement,2025-12-04 15:50
34383891,image,vérifié automatiquement,2025-12-04 15:50
34383901,image,vérifié automatiquement,2025-12-04 15:50
34383931,image,vérifié automatiquement,2025-12-04 15:50
34383951,image,vérifié automatiquement,2025-12-04 15:50
34383961,image,vérifié automatiquement,2025-12-04 15:50
34383981,image,vérifié automatiquement,2025-12-04 15:50
34384001,image,vérifié automatiquement,2025-12-04 15:50
34384011,image,vérifié automatiquement,2025-12-04 15:50
34384021,image,vérifié automatiquement,2025-12-04 15:50
34384031,image,vérifié automatiquement,2025-12-04 15:50
34384041,image,vérifié automatiquement,2025-12-04 15:50
34384051,image,vérifié automatiquement,2025-12-04 15:50
34384071,image,vérifié automatiquement,2025-12-04 15:50
34384081,image,vérifié automatiquement,2025-12-04 15:50
34384091,image,vérifié automatiquement,2025-12-04 15:50
34384101,image,vérifié automatiquement,2025-12-04 15:50
34384111,image,vérifié automatiquement,2025-12-04 15:50
34384121,image,vérifié automatiquement,2025-12-04 15:50
34384131,image,vérifié automatiquement,2025-12-04 15:50
34384141,image,vérifié automatiquement,2025-12-04 15:50
34384151,image,vérifié automatiquement,2025-12-04 15:50
34384161,image,vérifié automatiquement,2025-12-04 15:50
34384171,image,vérifié automatiquement,2025-12-04 15:50
34384181,image,vérifié automatiquement,2025-12-04 15:50
34384191,image,vérifié automatiquement,2025-12-04 15:50
34384221,image,vérifié automatiquement,2025-12-04 15:50
34384231,image,vérifié automatiquement,2025-12-04 15:50
34384241,image,vérifié automatiquement,2025-12-04 15:50
34384251,image,vérifié automatiquement,2025-12-04 15:50
34384311,image,vérifié automatiquement,2025-12-04 15:50
34384331,image,vérifié automatiquement,2025-12-04 15:50
34384371,image,vérifié automatiquement,2025-12-04 15:50
34384381,image,vérifié automatiquement,2025-12-04 15:50
34384391,image,vérifié automatiquement,2025-12-04 15:50
34384421,image,vérifié automatiquement,2025-12-04 15:50
34384431,image,vérifié automatiquement,2025-12-04 15:50
34384441,image,vérifié automatiquement,2025-12-04 15:50
34384461,image,vérifié automatiquement,2025-12-04 15:50
34384481,image,vérifié automatiquement,2025-12-04 15:50
34384491,image,vérifié automatiquement,2025-12-04 15:50
34384501,image,vérifié automatiquement,2025-12-04 15:50
34384511,image,vérifié automatiquement,2025-12-04 15:50
34384531,image,vérifié automatiquement,2025-12-04 15:50
34384541,image,vérifié automatiquement,2025-12-04 15:50
34432481,image,vérifié automatiquement,2025-12-04 15:50
34432541,image,vérifié automatiquement,2025-12-04 15:50
34432561,image,vérifié automatiquement,2025-12-04 15:50
34432571,image,vérifié automatiquement,2025-12-04 15:50
34432581,image,vérifié automatiquement,2025-12-04 15:50
34432591,image,vérifié automatiquement,2025-12-04 15:50
34432601,image,vérifié automatiquement,2025-12-04 15:50
34432611,image,vérifié automatiquement,2025-12-04 15:50
34432621,image,vérifié automatiquement,2025-12-04 15:50
34432631,image,vérifié automatiquement,2025-12-04 15:50
34432651,image,vérifié automatiquement,2025-12-04 15:50
34432661,image,vérifié automatiquement,2025-12-04 15:50
34432671,image,vérifié automatiquement,2025-12-04 15:50
34432681,image,vérifié automatiquement,2025-12-04 15:50
34432791,image,vérifié automatiquement,2025-12-04 15:50
34432801,image,vérifié automatiquement,2025-12-04 15:50
34432991,image,vérifié automatiquement,2025-12-04 15:50
34433001,image,vérifié automatiquement,2025-12-04 15:50
34433021,image,vérifié automatiquement,2025-12-04 15:50
34433031,image,vérifié automatiquement,2025-12-04 15:50
34433121,image,vérifié automatiquement,2025-12-04 15:50
34433131,image,vérifié automatiquement,2025-12-04 15:50
34433141,image,vérifié automatiquement,2025-12-04 15:50
34433231,image,vérifié automatiquement,2025-12-04 15:50
34433261,image,vérifié automatiquement,2025-12-04 15:50
34433271,image,vérifié automatiquement,2025-12-04 15:50
34433291,image,vérifié automatiquement,2025-12-04 15:50
34433381,image,vérifié automatiquement,2025-12-04 15:50
34433401,image,vérifié automatiquement,2025-12-04 15:50
34433421,image,vérifié automatiquement,2025-12-04 15:50
34434741,image,vérifié automatiquement,2025-12-04 15:50
34434771,image,vérifié automatiquement,2025-12-04 15:50
34434781,image,vérifié automatiquement,2025-12-04 15:50
34434791,image,vérifié automatiquement,2025-12-04 15:50
34434851,image,vérifié automatiquement,2025-12-04 15:50
34434861,image,vérifié automatiquement,2025-12-04 15:50
34434891,image,vérifié automatiquement,2025-12-04 15:50
34434921,image,vérifié automatiquement,2025-12-04 15:50
34435011,image,vérifié automatiquement,2025-12-04 15:50
34435021,image,vérifié automatiquement,2025-12-04 15:50
34435031,image,vérifié automatiquement,2025-12-04 15:50
34435041,image,vérifié automatiquement,2025-12-04 15:50
34440561,image,vérifié automatiquement,2025-12-04 15:50
34440601,image,vérifié automatiquement,2025-12-04 15:50
34506411,image,vérifié automatiquement,2025-12-04 15:50
34506421,image,vérifié automatiquement,2025-12-04 15:50
34506431,image,vérifié automatiquement,2025-12-04 15:50
34506441,image,vérifié automatiquement,2025-12-04 15:50
34506471,image,vérifié automatiquement,2025-12-04 15:50
34507111,image,vérifié automatiquement,2025-12-04 15:50
34507131,image,vérifié automatiquement,2025-12-04 15:50
34507161,image,vérifié automatiquement,2025-12-04 15:50
34507171,image,vérifié automatiquement,2025-12-04 15:50
34507181,image,vérifié automatiquement,2025-12-04 15:50
34507191,image,vérifié automatiquement,2025-12-04 15:50
34507201,image,vérifié automatiquement,2025-12-04 15:50
34507221,image,vérifié automatiquement,2025-12-04 15:50
34507231,image,vérifié automatiquement,2025-12-04 15:50
34507241,image,vérifié automatiquement,2025-12-04 15:50
34507251,image,vérifié automatiquement,2025-12-04 15:50
34507271,image,vérifié automatiquement,2025-12-04 15:50
34507291,image,vérifié automatiquement,2025-12-04 15:50
34507301,image,vérifié automatiquement,2025-12-04 15:50
34507311,image,vérifié automatiquement,2025-12-04 15:50
34507321,image,vérifié automatiquement,2025-12-04 15:50
34507331,image,vérifié automatiquement,2025-12-04 15:50
34507371,image,vérifié automatiquement,2025-12-04 15:50
34507381,image,vérifié automatiquement,2025-12-04 15:50
34507391,image,vérifié automatiquement,2025-12-04 15:50
34507401,image,vérifié automatiquement,2025-12-04 15:50
34507451,image,vérifié automatiquement,2025-12-04 15:50
34507461,image,vérifié automatiquement,2025-12-04 15:50
34507471,image,vérifié automatiquement,2025-12-04 15:50
34507591,image,vérifié automatiquement,2025-12-04 15:50
34507601,image,vérifié automatiquement,2025-12-04 15:50
34507611,image,vérifié automatiquement,2025-12-04 15:50
34507671,image,vérifié automatiquement,2025-12-04 15:50
34507711,image,vérifié automatiquement,2025-12-04 15:50
34507721,image,vérifié automatiquement,2025-12-04 15:50
34507771,image,vérifié automatiquement,2025-12-04 15:50
34507921,image,vérifié automatiquement,2025-12-04 15:50
34522181,image,vérifié automatiquement,2025-12-04 15:50
34522191,image,vérifié automatiquement,2025-12-04 15:50
34522201,image,vérifié automatiquement,2025-12-04 15:50
34522401,image,vérifié automatiquement,2025-12-04 15:50
34522531,image,vérifié automatiquement,2025-12-04 15:50
34522571,image,vérifié automatiquement,2025-12-04 15:50
34522601,image,vérifié automatiquement,2025-12-04 15:50
34522811,image,vérifié automatiquement,2025-12-04 15:50
34522861,image,vérifié automatiquement,2025-12-04 15:50
34522951,image,vérifié automatiquement,2025-12-04 15:50
34522991,image,vérifié automatiquement,2025-12-04 15:50
34523001,image,vérifié automatiquement,2025-12-04 15:50
34523261,image,vérifié automatiquement,2025-12-04 15:50
34523281,image,vérifié automatiquement,2025-12-04 15:50
34523291,image,vérifié automatiquement,2025-12-04 15:50
34523361,image,vérifié automatiquement,2025-12-04 15:50
34523541,image,vérifié automatiquement,2025-12-04 15:50
34523551,image,vérifié automatiquement,2025-12-04 15:50
34523561,image,vérifié automatiquement,2025-12-04 15:50
34523571,image,vérifié automatiquement,2025-12-04 15:50
34523581,image,vérifié automatiquement,2025-12-04 15:50
34523661,image,vérifié automatiquement,2025-12-04 15:50
34523671,image,vérifié automatiquement,2025-12-04 15:50
34523681,image,vérifié automatiquement,2025-12-04 15:50
34523781,image,vérifié automatiquement,2025-12-04 15:50
34523801,image,vérifié automatiquement,2025-12-04 15:50
34523871,image,vérifié automatiquement,2025-12-04 15:50
34523911,image,vérifié automatiquement,2025-12-04 15:50
34523961,image,vérifié automatiquement,2025-12-04 15:50
34524001,image,vérifié automatiquement,2025-12-04 15:50
34524111,image,vérifié automatiquement,2025-12-04 15:50
34665721,image,vérifié automatiquement,2025-12-04 15:50
34665731,image,vérifié automatiquement,2025-12-04 15:50
34665801,image,vérifié automatiquement,2025-12-04 15:50
34665811,image,vérifié automatiquement,2025-12-04 15:50
34665871,image,vérifié automatiquement,2025-12-04 15:50
34743261,image,vérifié automatiquement,2025-12-04 15:50
34743281,image,vérifié automatiquement,2025-12-04 15:50
34743321,image,vérifié automatiquement,2025-12-04 15:50
34743351,image,vérifié automatiquement,2025-12-04 15:50
34743401,image,vérifié automatiquement,2025-12-04 15:50
34743421,image,vérifié automatiquement,2025-12-04 15:50
34743511,image,vérifié automatiquement,2025-12-04 15:50
34743561,image,vérifié automatiquement,2025-12-04 15:50
34743621,image,vérifié automatiquement,2025-12-04 15:50
34743631,image,vérifié automatiquement,2025-12-04 15:50
34743651,image,vérifié automatiquement,2025-12-04 15:50
34743671,image,vérifié automatiquement,2025-12-04 15:50
34743731,image,vérifié automatiquement,2025-12-04 15:50
34743801,image,vérifié automatiquement,2025-12-04 15:50
34743861,image,vérifié automatiquement,2025-12-04 15:50
34743961,image,vérifié automatiquement,2025-12-04 15:50
34743991,image,vérifié automatiquement,2025-12-04 15:50
34744031,image,vérifié automatiquement,2025-12-04 15:50
34744251,image,vérifié automatiquement,2025-12-04 15:50
34744321,image,vérifié automatiquement,2025-12-04 15:50
34744331,image,vérifié automatiquement,2025-12-04 15:50
34748601,image,vérifié automatiquement,2025-12-04 15:50
34748611,image,vérifié automatiquement,2025-12-04 15:50
34748621,image,vérifié automatiquement,2025-12-04 15:50
34748631,image,vérifié automatiquement,2025-12-04 15:50
34748641,image,vérifié automatiquement,2025-12-04 15:50
34748781,image,vérifié automatiquement,2025-12-04 15:50
34748811,image,vérifié automatiquement,2025-12-04 15:50
34748841,image,vérifié automatiquement,2025-12-04 15:50
34748941,image,vérifié automatiquement,2025-12-04 15:50
34748961,image,vérifié automatiquement,2025-12-04 15:50
34748971,image,vérifié automatiquement,2025-12-04 15:50
34748981,image,vérifié automatiquement,2025-12-04 15:50
34749001,image,vérifié automatiquement,2025-12-04 15:50
34749011,image,vérifié automatiquement,2025-12-04 15:50
34749021,image,vérifié automatiquement,2025-12-04 15:50
34749031,image,vérifié automatiquement,2025-12-04 15:50
34749041,image,vérifié automatiquement,2025-12-04 15:50
34749081,image,vérifié automatiquement,2025-12-04 15:50
34749091,image,vérifié automatiquement,2025-12-04 15:50
34749101,image,vérifié automatiquement,2025-12-04 15:50
34749121,image,vérifié automatiquement,2025-12-04 15:50
34749131,image,vérifié automatiquement,2025-12-04 15:50
34749141,image,vérifié automatiquement,2025-12-04 15:50
34749151,image,vérifié automatiquement,2025-12-04 15:50
34749201,image,vérifié automatiquement,2025-12-04 15:50
34749231,image,vérifié automatiquement,2025-12-04 15:50
34749251,image,vérifié automatiquement,2025-12-04 15:50
34749311,image,vérifié automatiquement,2025-12-04 15:50
34749331,image,vérifié automatiquement,2025-12-04 15:50
34749341,image,vérifié automatiquement,2025-12-04 15:50
34749351,image,vérifié automatiquement,2025-12-04 15:50
34749391,image,vérifié automatiquement,2025-12-04 15:50
34749401,image,vérifié automatiquement,2025-12-04 15:50
34749421,image,vérifié automatiquement,2025-12-04 15:50
34749451,image,vérifié automatiquement,2025-12-04 15:50
34763061,image,vérifié automatiquement,2025-12-04 15:50
34764141,image,vérifié automatiquement,2025-12-04 15:50
34764611,image,vérifié automatiquement,2025-12-04 15:50
348688001,image,vérifié automatiquement,2025-12-04 15:50
348688041,image,vérifié automatiquement,2025-12-04 15:50
348696581,son,pas d'image 480 disponible,2025-12-04 15:50
348697101,image,vérifié automatiquement,2025-12-04 15:50
348706601,image,vérifié automatiquement,2025-12-04 15:50
348706621,image,vérifié automatiquement,2025-12-04 15:50
34929091,image,vérifié automatiquement,2025-12-04 15:50
34930871,image,vérifié automatiquement,2025-12-04 15:50
351592191,son,pas d'image 480 disponible,2025-12-04 15:50
351671761,son,pas d'image 480 disponible,2025-12-04 15:50
351672111,son,pas d'image 480 disponible,2025-12-04 15:50
351672811,son,pas d'image 480 disponible,2025-12-04 15:50
351674231,image,vérifié automatiquement,2025-12-04 15:50
351676661,image,vérifié automatiquement,2025-12-04 15:50
351677641,image,vérifié automatiquement,2025-12-04 15:50
351761651,son,pas d'image 480 disponible,2025-12-04 15:50
351793621,image,vérifié automatiquement,2025-12-04 15:50
351793661,image,vérifié automatiquement,2025-12-04 15:50
351793671,image,vérifié automatiquement,2025-12-04 15:50
351793681,image,vérifié automatiquement,2025-12-04 15:50
351794431,image,vérifié automatiquement,2025-12-04 15:50
351794791,image,vérifié automatiquement,2025-12-04 15:50
351795021,image,vérifié automatiquement,2025-12-04 15:50
351795171,image,vérifié automatiquement,2025-12-04 15:50
355317081,image,vérifié automatiquement,2025-12-04 15:50
355334991,image,vérifié automatiquement,2025-12-04 15:50
355335001,image,vérifié automatiquement,2025-12-04 15:50
355335011,image,vérifié automatiquement,2025-12-04 15:50
355335041,image,vérifié automatiquement,2025-12-04 15:50
360324211,image,vérifié automatiquement,2025-12-04 15:50
360324361,image,vérifié automatiquement,2025-12-04 15:50
360324391,image,vérifié automatiquement,2025-12-04 15:50
360336091,image,vérifié automatiquement,2025-12-04 15:50
360336161,image,vérifié automatiquement,2025-12-04 15:50
360336181,image,vérifié automatiquement,2025-12-04 15:50
360391651,image,vérifié automatiquement,2025-12-04 15:50
360391691,image,vérifié automatiquement,2025-12-04 15:50
360391721,image,vérifié automatiquement,2025-12-04 15:50
360392421,image,vérifié automatiquement,2025-12-04 15:50
360392801,image,vérifié automatiquement,2025-12-04 15:50
360394741,image,vérifié automatiquement,2025-12-04 15:50
360395641,image,vérifié automatiquement,2025-12-04 15:50
362883721,image,vérifié automatiquement,2025-12-04 15:50
362883731,image,vérifié automatiquement,2025-12-04 15:50
362884401,image,vérifié automatiquement,2025-12-04 15:50
365505161,image,vérifié automatiquement,2025-12-04 15:50
365505201,image,vérifié automatiquement,2025-12-04 15:50
365693851,image,vérifié automatiquement,2025-12-04 15:50
365693901,image,vérifié automatiquement,2025-12-04 15:50
365694281,image,vérifié automatiquement,2025-12-04 15:50
366597921,son,pas d'image 480 disponible,2025-12-04 15:50
366904251,image,vérifié automatiquement,2025-12-04 15:50
366904411,image,vérifié automatiquement,2025-12-04 15:50
370913801,image,vérifié automatiquement,2025-12-04 15:50
370913811,image,vérifié automatiquement,2025-12-04 15:50
370913821,image,vérifié automatiquement,2025-12-04 15:50
370913901,image,vérifié automatiquement,2025-12-04 15:50
370913951,image,vérifié automatiquement,2025-12-04 15:50
370914051,image,vérifié automatiquement,2025-12-04 15:50
373764391,image,vérifié automatiquement,2025-12-04 15:50
373768381,image,vérifié automatiquement,2025-12-04 15:50
373768401,image,vérifié automatiquement,2025-12-04 15:50
373768411,image,vérifié automatiquement,2025-12-04 15:50
375694501,son,pas d'image 480 disponible,2025-12-04 15:50
375694601,son,pas d'image 480 disponible,2025-12-04 15:50
375796821,son,pas d'image 480 disponible,2025-12-04 15:50
378038841,image,vérifié automatiquement,2025-12-04 15:50
378039851,image,vérifié automatiquement,2025-12-04 15:50
378039861,image,vérifié automatiquement,2025-12-04 15:50
380495071,son,pas d'image 480 disponible,2025-12-04 15:50
381156041,image,vérifié automatiquement,2025-12-04 15:50
381157001,image,vérifié automatiquement,2025-12-04 15:50
382008241,son,pas d'image 480 disponible,2025-12-04 15:50
382008991,image,vérifié automatiquement,2025-12-04 15:50
386158351,image,vérifié automatiquement,2025-12-04 15:50
386158361,image,vérifié automatiquement,2025-12-04 15:50
38938551,image,vérifié automatiquement,2025-12-04 15:50
38938591,image,vérifié automatiquement,2025-12-04 15:50
38938631,image,vérifié automatiquement,2025-12-04 15:50
38938641,image,vérifié automatiquement,2025-12-04 15:50
391463841,image,vérifié automatiquement,2025-12-04 15:50
391463921,image,vérifié automatiquement,2025-12-04 15:50
391463931,image,vérifié automatiquement,2025-12-04 15:50
39162161,image,vérifié automatiquement,2025-12-04 15:50
393257821,image,vérifié automatiquement,2025-12-04 15:50
393259391,son,pas d'image 480 disponible,2025-12-04 15:50
393298891,son,pas d'image 480 disponible,2025-12-04 15:50
395373841,image,vérifié automatiquement,2025-12-04 15:50
39600931,image,vérifié automatiquement,2025-12-04 15:50
39600941,image,vérifié automatiquement,2025-12-04 15:50
397285571,image,vérifié automatiquement,2025-12-04 15:50
397285841,image,vérifié automatiquement,2025-12-04 15:50
397285931,image,vérifié automatiquement,2025-12-04 15:50
397285961,image,vérifié automatiquement,2025-12-04 15:50
397286121,image,vérifié automatiquement,2025-12-04 15:50
397286711,image,vérifié automatiquement,2025-12-04 15:50
397461601,son,pas d'image 480 disponible,2025-12-04 15:50
39830271,image,vérifié automatiquement,2025-12-04 15:50
39830281,image,vérifié automatiquement,2025-12-04 15:50
39830311,image,vérifié automatiquement,2025-12-04 15:50
39830321,image,vérifié automatiquement,2025-12-04 15:50
39869791,image,vérifié automatiquement,2025-12-04 15:50
39869801,image,vérifié automatiquement,2025-12-04 15:50
399120821,image,vérifié automatiquement,2025-12-04 15:50
399125401,image,vérifié automatiquement,2025-12-04 15:50
399126531,image,vérifié automatiquement,2025-12-04 15:50
4,son,pas d'image 480 disponible,2025-12-05 13:09
401588341,image,vérifié automatiquement,2025-12-04 15:50
401588511,image,vérifié automatiquement,2025-12-04 15:50
401588651,image,vérifié automatiquement,2025-12-04 15:50
401616071,image,vérifié automatiquement,2025-12-04 15:50
401616131,image,vérifié automatiquement,2025-12-04 15:50
401616231,image,vérifié automatiquement,2025-12-04 15:50
401616361,image,vérifié automatiquement,2025-12-04 15:50
401618131,image,vérifié automatiquement,2025-12-04 15:50
402654911,son,pas d'image 480 disponible,2025-12-04 15:50
404455501,image,vérifié automatiquement,2025-12-04 15:50
404455671,image,vérifié automatiquement,2025-12-04 15:50
404455861,image,vérifié automatiquement,2025-12-04 15:50
404456251,image,vérifié automatiquement,2025-12-04 15:50
407047451,image,vérifié automatiquement,2025-12-04 15:50
411666931,image,vérifié automatiquement,2025-12-04 15:50
416224651,son,pas d'image 480 disponible,2025-12-04 15:50
416234521,image,vérifié automatiquement,2025-12-04 15:50
416234531,image,vérifié automatiquement,2025-12-04 15:50
416234541,image,vérifié automatiquement,2025-12-04 15:50
416237911,image,vérifié automatiquement,2025-12-04 15:50
41652621,image,vérifié automatiquement,2025-12-04 15:50
41652641,image,vérifié automatiquement,2025-12-04 15:50
419045721,son,pas d'image 480 disponible,2025-12-04 15:50
419402471,image,vérifié automatiquement,2025-12-04 15:50
419403411,image,vérifié automatiquement,2025-12-04 15:50
42637401,image,vérifié automatiquement,2025-12-04 15:50
427066631,image,vérifié automatiquement,2025-12-04 15:50
427066711,image,vérifié automatiquement,2025-12-04 15:50
427883801,son,pas d'image 480 disponible,2025-12-04 15:50
429344771,son,pas d'image 480 disponible,2025-12-04 15:50
429346631,image,vérifié automatiquement,2025-12-04 15:50
429387241,image,vérifié automatiquement,2025-12-04 15:50
431283271,image,vérifié automatiquement,2025-12-04 15:50
431283311,image,vérifié automatiquement,2025-12-04 15:50
434980901,image,vérifié automatiquement,2025-12-04 15:50
434980911,image,vérifié automatiquement,2025-12-04 15:50
434980941,image,vérifié automatiquement,2025-12-04 15:50
434980961,image,vérifié automatiquement,2025-12-04 15:50
434980971,image,vérifié automatiquement,2025-12-04 15:50
434981011,image,vérifié automatiquement,2025-12-04 15:50
434981131,image,vérifié automatiquement,2025-12-04 15:50
434981141,image,vérifié automatiquement,2025-12-04 15:50
434981181,image,vérifié automatiquement,2025-12-04 15:50
434981221,image,vérifié automatiquement,2025-12-04 15:50
434981261,image,vérifié automatiquement,2025-12-04 15:50
434981271,image,vérifié automatiquement,2025-12-04 15:50
434981311,image,vérifié automatiquement,2025-12-04 15:50
434981321,image,vérifié automatiquement,2025-12-04 15:50
434981331,image,vérifié automatiquement,2025-12-04 15:50
434981361,image,vérifié automatiquement,2025-12-04 15:50
434981371,image,vérifié automatiquement,2025-12-04 15:50
434981411,image,vérifié automatiquement,2025-12-04 15:50
435155281,image,vérifié automatiquement,2025-12-04 15:50
435155891,image,vérifié automatiquement,2025-12-04 15:50
435156041,image,vérifié automatiquement,2025-12-04 15:50
435156181,image,vérifié automatiquement,2025-12-04 15:50
435156261,image,vérifié automatiquement,2025-12-04 15:50
435156271,image,vérifié automatiquement,2025-12-04 15:50
435156301,image,vérifié automatiquement,2025-12-04 15:50
435156561,image,vérifié automatiquement,2025-12-04 15:50
435156601,image,vérifié automatiquement,2025-12-04 15:50
435156611,image,vérifié automatiquement,2025-12-04 15:50
435156631,image,vérifié automatiquement,2025-12-04 15:50
435156771,image,vérifié automatiquement,2025-12-04 15:50
435156781,image,vérifié automatiquement,2025-12-04 15:50
435156831,image,vérifié automatiquement,2025-12-04 15:50
435156841,image,vérifié automatiquement,2025-12-04 15:50
435156961,image,vérifié automatiquement,2025-12-04 15:50
435157081,image,vérifié automatiquement,2025-12-04 15:50
435157131,image,vérifié automatiquement,2025-12-04 15:50
435157141,image,vérifié automatiquement,2025-12-04 15:50
435157951,image,vérifié automatiquement,2025-12-04 15:50
435157961,image,vérifié automatiquement,2025-12-04 15:50
435252811,image,vérifié automatiquement,2025-12-04 15:50
435252871,image,vérifié automatiquement,2025-12-04 15:50
435252881,image,vérifié automatiquement,2025-12-04 15:50
435252971,image,vérifié automatiquement,2025-12-04 15:50
435253031,image,vérifié automatiquement,2025-12-04 15:50
435253081,image,vérifié automatiquement,2025-12-04 15:50
435531621,son,pas d'image 480 disponible,2025-12-04 15:50
435566741,image,vérifié automatiquement,2025-12-04 15:50
435568101,image,vérifié automatiquement,2025-12-04 15:50
435569551,image,vérifié automatiquement,2025-12-04 15:50
435571411,image,vérifié automatiquement,2025-12-04 15:50
435657651,image,vérifié automatiquement,2025-12-04 15:50
435657901,image,vérifié automatiquement,2025-12-04 15:50
435658211,image,vérifié automatiquement,2025-12-04 15:50
435660381,image,vérifié automatiquement,2025-12-04 15:50
435662121,image,vérifié automatiquement,2025-12-04 15:50
436100911,son,pas d'image 480 disponible,2025-12-04 15:50
436162621,image,vérifié automatiquement,2025-12-04 15:50
436203321,son,pas d'image 480 disponible,2025-12-04 15:50
436206411,image,vérifié automatiquement,2025-12-04 15:50
436207251,image,vérifié automatiquement,2025-12-04 15:50
436361121,son,pas d'image 480 disponible,2025-12-04 15:50
436362131,image,vérifié automatiquement,2025-12-04 15:50
436805121,image,vérifié automatiquement,2025-12-04 15:50
436806431,image,vérifié automatiquement,2025-12-04 15:50
436940481,image,vérifié automatiquement,2025-12-04 15:50
437271541,image,vérifié automatiquement,2025-12-04 15:50
437272671,image,vérifié automatiquement,2025-12-04 15:50
437653441,image,vérifié automatiquement,2025-12-04 15:50
437653841,image,vérifié automatiquement,2025-12-04 15:50
437654381,image,vérifié automatiquement,2025-12-04 15:50
437664041,image,vérifié automatiquement,2025-12-04 15:50
437792601,son,pas d'image 480 disponible,2025-12-04 15:50
437828671,image,vérifié automatiquement,2025-12-04 15:50
437828701,image,vérifié automatiquement,2025-12-04 15:50
437828851,image,vérifié automatiquement,2025-12-04 15:50
437830931,image,vérifié automatiquement,2025-12-04 15:50
438266661,image,vérifié automatiquement,2025-12-04 15:50
438266741,image,vérifié automatiquement,2025-12-04 15:50
438266801,image,vérifié automatiquement,2025-12-04 15:50
438268161,image,vérifié automatiquement,2025-12-04 15:50
438269671,image,vérifié automatiquement,2025-12-04 15:50
438269731,image,vérifié automatiquement,2025-12-04 15:50
438270041,image,vérifié automatiquement,2025-12-04 15:50
438270131,image,vérifié automatiquement,2025-12-04 15:50
438496191,image,vérifié automatiquement,2025-12-04 15:50
439461251,son,pas d'image 480 disponible,2025-12-04 15:50
439462291,image,vérifié automatiquement,2025-12-04 15:50
439462321,image,vérifié automatiquement,2025-12-04 15:50
439462841,image,vérifié automatiquement,2025-12-04 15:50
439462931,image,vérifié automatiquement,2025-12-04 15:50
439463021,image,vérifié automatiquement,2025-12-04 15:50
439463111,image,vérifié automatiquement,2025-12-04 15:50
439463161,image,vérifié automatiquement,2025-12-04 15:50
439463381,image,vérifié automatiquement,2025-12-04 15:50
447501141,son,pas d'image 480 disponible,2025-12-04 15:50
44829211,image,vérifié automatiquement,2025-12-04 15:50
44829371,image,vérifié automatiquement,2025-12-04 15:50
44829691,image,vérifié automatiquement,2025-12-04 15:50
450793661,image,vérifié automatiquement,2025-12-04 15:50
450793781,image,vérifié automatiquement,2025-12-04 15:50
450793811,image,vérifié automatiquement,2025-12-04 15:50
450793861,image,vérifié automatiquement,2025-12-04 15:50
451496501,son,pas d'image 480 disponible,2025-12-04 15:50
45201371,image,vérifié automatiquement,2025-12-04 15:50
452600961,son,pas d'image 480 disponible,2025-12-04 15:50
452601141,son,pas d'image 480 disponible,2025-12-04 15:50
452601171,son,pas d'image 480 disponible,2025-12-04 15:50
453273301,image,vérifié automatiquement,2025-12-04 15:50
453275901,image,vérifié automatiquement,2025-12-04 15:50
453275921,image,vérifié automatiquement,2025-12-04 15:50
453275931,image,vérifié automatiquement,2025-12-04 15:50
454761811,image,vérifié automatiquement,2025-12-04 15:50
454772581,image,vérifié automatiquement,2025-12-04 15:50
454946081,image,vérifié automatiquement,2025-12-04 15:50
457378691,son,pas d'image 480 disponible,2025-12-04 15:50
462196791,image,vérifié automatiquement,2025-12-04 15:50
462196861,image,vérifié automatiquement,2025-12-04 15:50
462196871,image,vérifié automatiquement,2025-12-04 15:50
462196881,image,vérifié automatiquement,2025-12-04 15:50
462196921,image,vérifié automatiquement,2025-12-04 15:50
462196941,image,vérifié automatiquement,2025-12-04 15:50
462197001,image,vérifié automatiquement,2025-12-04 15:50
462345761,image,vérifié automatiquement,2025-12-04 15:50
46258841,image,vérifié automatiquement,2025-12-04 15:50
46258881,image,vérifié automatiquement,2025-12-04 15:50
464261751,image,vérifié automatiquement,2025-12-04 15:50
464261801,image,vérifié automatiquement,2025-12-04 15:50
464261871,image,vérifié automatiquement,2025-12-04 15:50
464261931,image,vérifié automatiquement,2025-12-04 15:50
464274091,image,vérifié automatiquement,2025-12-04 15:50
464277011,image,vérifié automatiquement,2025-12-04 15:50
464817851,son,pas d'image 480 disponible,2025-12-04 15:50
465027101,image,vérifié automatiquement,2025-12-04 15:50
465042321,image,vérifié automatiquement,2025-12-04 15:50
465042341,image,vérifié automatiquement,2025-12-04 15:50
465042351,image,vérifié automatiquement,2025-12-04 15:50
465042361,image,vérifié automatiquement,2025-12-04 15:50
465042371,image,vérifié automatiquement,2025-12-04 15:50
465042531,image,vérifié automatiquement,2025-12-04 15:50
465100651,son,pas d'image 480 disponible,2025-12-04 15:50
465101071,son,pas d'image 480 disponible,2025-12-04 15:50
465101381,son,pas d'image 480 disponible,2025-12-04 15:50
465526581,son,pas d'image 480 disponible,2025-12-04 15:50
465526651,son,pas d'image 480 disponible,2025-12-04 15:50
465526861,son,pas d'image 480 disponible,2025-12-04 15:50
465580561,son,pas d'image 480 disponible,2025-12-04 15:50
465588711,image,vérifié automatiquement,2025-12-04 15:50
465986721,image,vérifié automatiquement,2025-12-04 15:50
466012561,image,vérifié automatiquement,2025-12-04 15:50
466012581,image,vérifié automatiquement,2025-12-04 15:50
466012691,image,vérifié automatiquement,2025-12-04 15:50
466012741,image,vérifié automatiquement,2025-12-04 15:50
466012771,image,vérifié automatiquement,2025-12-04 15:50
466012781,image,vérifié automatiquement,2025-12-04 15:50
466012791,image,vérifié automatiquement,2025-12-04 15:50
466012921,image,vérifié automatiquement,2025-12-04 15:50
466029071,image,vérifié automatiquement,2025-12-04 15:50
466034751,image,vérifié automatiquement,2025-12-04 15:50
466034781,image,vérifié automatiquement,2025-12-04 15:50
466034941,image,vérifié automatiquement,2025-12-04 15:50
466034951,image,vérifié automatiquement,2025-12-04 15:50
466034961,image,vérifié automatiquement,2025-12-04 15:50
466034991,image,vérifié automatiquement,2025-12-04 15:50
466035011,image,vérifié automatiquement,2025-12-04 15:50
466641551,image,vérifié automatiquement,2025-12-04 15:50
466641661,image,vérifié automatiquement,2025-12-04 15:50
466642901,image,vérifié automatiquement,2025-12-04 15:50
466644321,image,vérifié automatiquement,2025-12-04 15:50
466644591,image,vérifié automatiquement,2025-12-04 15:50
466645061,image,vérifié automatiquement,2025-12-04 15:50
466645871,image,vérifié automatiquement,2025-12-04 15:50
466658731,image,vérifié automatiquement,2025-12-04 15:50
466658961,image,vérifié automatiquement,2025-12-04 15:50
466659191,image,vérifié automatiquement,2025-12-04 15:50
466667341,image,vérifié automatiquement,2025-12-04 15:50
466803871,image,vérifié automatiquement,2025-12-04 15:50
467242521,image,vérifié automatiquement,2025-12-04 15:50
467242531,image,vérifié automatiquement,2025-12-04 15:50
467243141,image,vérifié automatiquement,2025-12-04 15:50
467243501,image,vérifié automatiquement,2025-12-04 15:50
467443181,son,pas d'image 480 disponible,2025-12-04 15:50
467459001,image,vérifié automatiquement,2025-12-04 15:50
467459031,image,vérifié automatiquement,2025-12-04 15:50
467459161,image,vérifié automatiquement,2025-12-04 15:50
467459181,image,vérifié automatiquement,2025-12-04 15:50
467459241,image,vérifié automatiquement,2025-12-04 15:50
467459251,image,vérifié automatiquement,2025-12-04 15:50
467459261,image,vérifié automatiquement,2025-12-04 15:50
468549361,son,pas d'image 480 disponible,2025-12-04 15:50
468549411,son,pas d'image 480 disponible,2025-12-04 15:50
468711541,son,pas d'image 480 disponible,2025-12-04 15:50
468711561,son,pas d'image 480 disponible,2025-12-04 15:50
468711661,son,pas d'image 480 disponible,2025-12-04 15:50
468713461,image,vérifié automatiquement,2025-12-04 15:50
468714251,son,pas d'image 480 disponible,2025-12-04 15:50
468714461,image,vérifié automatiquement,2025-12-04 15:50
468720091,image,vérifié automatiquement,2025-12-04 15:50
468720331,image,vérifié automatiquement,2025-12-04 15:50
468720401,image,vérifié automatiquement,2025-12-04 15:50
468722011,image,vérifié automatiquement,2025-12-04 15:50
468722491,image,vérifié automatiquement,2025-12-04 15:50
468722831,image,vérifié automatiquement,2025-12-04 15:50
468757291,image,vérifié automatiquement,2025-12-04 15:50
468758771,image,vérifié automatiquement,2025-12-04 15:50
472797891,image,vérifié automatiquement,2025-12-04 15:50
473123901,son,pas d'image 480 disponible,2025-12-04 15:50
474141221,image,vérifié automatiquement,2025-12-04 15:50
474141271,image,vérifié automatiquement,2025-12-04 15:50
474141281,image,vérifié automatiquement,2025-12-04 15:50
474141291,image,vérifié automatiquement,2025-12-04 15:50
474141381,image,vérifié automatiquement,2025-12-04 15:50
474141411,image,vérifié automatiquement,2025-12-04 15:50
474141811,image,vérifié automatiquement,2025-12-04 15:50
474141861,image,vérifié automatiquement,2025-12-04 15:50
474141871,image,vérifié automatiquement,2025-12-04 15:50
474141931,image,vérifié automatiquement,2025-12-04 15:50
474142121,image,vérifié automatiquement,2025-12-04 15:50
478164351,son,pas d'image 480 disponible,2025-12-04 15:50
478164361,son,pas d'image 480 disponible,2025-12-04 15:50
478821561,son,pas d'image 480 disponible,2025-12-04 15:50
481897831,image,vérifié automatiquement,2025-12-04 15:50
481897841,image,vérifié automatiquement,2025-12-04 15:50
482739001,image,vérifié automatiquement,2025-12-04 15:50
482927781,image,vérifié automatiquement,2025-12-04 15:50
482929491,image,vérifié automatiquement,2025-12-04 15:50
482929501,image,vérifié automatiquement,2025-12-04 15:50
482968761,image,vérifié automatiquement,2025-12-04 15:50
483372981,image,vérifié automatiquement,2025-12-04 15:50
483373901,image,vérifié automatiquement,2025-12-04 15:50
483374381,image,vérifié automatiquement,2025-12-04 15:50
483375521,image,vérifié automatiquement,2025-12-04 15:50
483375771,image,vérifié automatiquement,2025-12-04 15:50
483375851,image,vérifié automatiquement,2025-12-04 15:50
484868951,son,pas d'image 480 disponible,2025-12-04 15:50
487486731,image,vérifié automatiquement,2025-12-04 15:50
487486751,image,vérifié automatiquement,2025-12-04 15:50
487486761,image,vérifié automatiquement,2025-12-04 15:50
487486861,image,vérifié automatiquement,2025-12-04 15:50
494732711,image,vérifié automatiquement,2025-12-04 15:50
494744301,image,vérifié automatiquement,2025-12-04 15:50
494745721,image,vérifié automatiquement,2025-12-04 15:50
494746091,son,pas d'image 480 disponible,2025-12-04 15:50
494747081,image,vérifié automatiquement,2025-12-04 15:50
494748001,image,vérifié automatiquement,2025-12-04 15:50
494749821,image,vérifié automatiquement,2025-12-04 15:50
49632651,image,vérifié automatiquement,2025-12-04 15:50
49632661,image,vérifié automatiquement,2025-12-04 15:50
49632681,image,vérifié automatiquement,2025-12-04 15:50
49633161,image,vérifié automatiquement,2025-12-04 15:50
497534221,image,vérifié automatiquement,2025-12-04 15:50
497534231,image,vérifié automatiquement,2025-12-04 15:50
497534711,image,vérifié automatiquement,2025-12-04 15:50
497718721,image,vérifié automatiquement,2025-12-04 15:50
497719031,image,vérifié automatiquement,2025-12-04 15:50
497719041,image,vérifié automatiquement,2025-12-04 15:50
497719641,image,vérifié automatiquement,2025-12-04 15:50
497720131,image,vérifié automatiquement,2025-12-04 15:50
497720521,image,vérifié automatiquement,2025-12-04 15:50
497721651,image,vérifié automatiquement,2025-12-04 15:50
497736851,image,vérifié automatiquement,2025-12-04 15:50
497738601,image,vérifié automatiquement,2025-12-04 15:50
498018661,son,pas d'image 480 disponible,2025-12-04 15:50
5,son,pas d'image 480 disponible,2025-12-05 13:09
505587101,image,vérifié automatiquement,2025-12-04 15:50
505587191,image,vérifié automatiquement,2025-12-04 15:50
505588871,image,vérifié automatiquement,2025-12-04 15:50
505590221,image,vérifié automatiquement,2025-12-04 15:50
505591321,image,vérifié automatiquement,2025-12-04 15:50
505591941,image,vérifié automatiquement,2025-12-04 15:50
510955421,image,vérifié automatiquement,2025-12-04 15:50
512184031,image,vérifié automatiquement,2025-12-04 15:50
512184771,image,vérifié automatiquement,2025-12-04 15:50
51318941,image,vérifié automatiquement,2025-12-04 15:50
51318951,image,vérifié automatiquement,2025-12-04 15:50
51319071,image,vérifié automatiquement,2025-12-04 15:50
51319081,image,vérifié automatiquement,2025-12-04 15:50
51319091,image,vérifié automatiquement,2025-12-04 15:50
51319101,image,vérifié automatiquement,2025-12-04 15:50
51319291,image,vérifié automatiquement,2025-12-04 15:50
51319301,image,vérifié automatiquement,2025-12-04 15:50
51319321,image,vérifié automatiquement,2025-12-04 15:50
51319341,image,vérifié automatiquement,2025-12-04 15:50
51319351,image,vérifié automatiquement,2025-12-04 15:50
51319371,image,vérifié automatiquement,2025-12-04 15:50
51319411,image,vérifié automatiquement,2025-12-04 15:50
51319431,image,vérifié automatiquement,2025-12-04 15:50
51319441,image,vérifié automatiquement,2025-12-04 15:50
51319451,image,vérifié automatiquement,2025-12-04 15:50
51319461,image,vérifié automatiquement,2025-12-04 15:50
51319471,image,vérifié automatiquement,2025-12-04 15:50
51319481,image,vérifié automatiquement,2025-12-04 15:50
51319531,image,vérifié automatiquement,2025-12-04 15:50
51319591,image,vérifié automatiquement,2025-12-04 15:50
51319631,image,vérifié automatiquement,2025-12-04 15:50
51319671,image,vérifié automatiquement,2025-12-04 15:50
51319681,image,vérifié automatiquement,2025-12-04 15:50
51319731,image,vérifié automatiquement,2025-12-04 15:50
51319741,image,vérifié automatiquement,2025-12-04 15:50
51319751,image,vérifié automatiquement,2025-12-04 15:50
51319761,image,vérifié automatiquement,2025-12-04 15:50
51319991,image,vérifié automatiquement,2025-12-04 15:50
51320001,image,vérifié automatiquement,2025-12-04 15:50
51320011,image,vérifié automatiquement,2025-12-04 15:50
51320021,image,vérifié automatiquement,2025-12-04 15:50
51320041,image,vérifié automatiquement,2025-12-04 15:50
51320051,image,vérifié automatiquement,2025-12-04 15:50
51320061,image,vérifié automatiquement,2025-12-04 15:50
51320081,image,vérifié automatiquement,2025-12-04 15:50
51320091,image,vérifié automatiquement,2025-12-04 15:50
51320101,image,vérifié automatiquement,2025-12-04 15:50
51320111,image,vérifié automatiquement,2025-12-04 15:50
51320121,image,vérifié automatiquement,2025-12-04 15:50
51320131,image,vérifié automatiquement,2025-12-04 15:50
51320141,image,vérifié automatiquement,2025-12-04 15:50
51320151,image,vérifié automatiquement,2025-12-04 15:50
51362901,image,vérifié automatiquement,2025-12-04 15:50
51362911,image,vérifié automatiquement,2025-12-04 15:50
51362991,image,vérifié automatiquement,2025-12-04 15:50
51363021,image,vérifié automatiquement,2025-12-04 15:50
51363031,image,vérifié automatiquement,2025-12-04 15:50
51363071,image,vérifié automatiquement,2025-12-04 15:50
51363091,image,vérifié automatiquement,2025-12-04 15:50
51363101,image,vérifié automatiquement,2025-12-04 15:50
51363121,image,vérifié automatiquement,2025-12-04 15:50
51363131,image,vérifié automatiquement,2025-12-04 15:50
51363181,image,vérifié automatiquement,2025-12-04 15:50
51363211,image,vérifié automatiquement,2025-12-04 15:50
51363271,image,vérifié automatiquement,2025-12-04 15:50
51363281,image,vérifié automatiquement,2025-12-04 15:50
51363291,image,vérifié automatiquement,2025-12-04 15:50
51363351,image,vérifié automatiquement,2025-12-04 15:50
51363371,image,vérifié automatiquement,2025-12-04 15:50
51363431,image,vérifié automatiquement,2025-12-04 15:50
51363461,image,vérifié automatiquement,2025-12-04 15:50
51363471,image,vérifié automatiquement,2025-12-04 15:50
51363521,image,vérifié automatiquement,2025-12-04 15:50
51363591,image,vérifié automatiquement,2025-12-04 15:50
51363671,image,vérifié automatiquement,2025-12-04 15:50
51363691,image,vérifié automatiquement,2025-12-04 15:50
51363701,image,vérifié automatiquement,2025-12-04 15:50
51363721,image,vérifié automatiquement,2025-12-04 15:50
51363741,image,vérifié automatiquement,2025-12-04 15:50
51363841,image,vérifié automatiquement,2025-12-04 15:50
51363941,image,vérifié automatiquement,2025-12-04 15:50
51364021,image,vérifié automatiquement,2025-12-04 15:50
51364051,image,vérifié automatiquement,2025-12-04 15:50
51364161,image,vérifié automatiquement,2025-12-04 15:50
51364171,image,vérifié automatiquement,2025-12-04 15:50
51364231,image,vérifié automatiquement,2025-12-04 15:50
51364251,image,vérifié automatiquement,2025-12-04 15:50
515234371,image,vérifié automatiquement,2025-12-04 15:50
515235051,image,vérifié automatiquement,2025-12-04 15:50
515235431,image,vérifié automatiquement,2025-12-04 15:50
515246841,image,vérifié automatiquement,2025-12-04 15:50
515251211,image,vérifié automatiquement,2025-12-04 15:50
515264401,image,vérifié automatiquement,2025-12-04 15:50
515590571,image,vérifié automatiquement,2025-12-04 15:50
515591081,image,vérifié automatiquement,2025-12-04 15:50
517107171,son,pas d'image 480 disponible,2025-12-04 15:50
517229051,image,vérifié automatiquement,2025-12-04 15:50
517229331,image,vérifié automatiquement,2025-12-04 15:50
517231081,image,vérifié automatiquement,2025-12-04 15:50
517232761,image,vérifié automatiquement,2025-12-04 15:50
517234131,image,vérifié automatiquement,2025-12-04 15:50
517235221,image,vérifié automatiquement,2025-12-04 15:50
518300451,image,vérifié automatiquement,2025-12-04 15:50
519617561,image,vérifié automatiquement,2025-12-04 15:50
520047841,image,vérifié automatiquement,2025-12-04 15:50
520261551,image,vérifié automatiquement,2025-12-04 15:50
520948621,image,vérifié automatiquement,2025-12-04 15:50
527136331,image,vérifié automatiquement,2025-12-04 15:50
527136341,image,vérifié automatiquement,2025-12-04 15:50
529944431,son,pas d'image 480 disponible,2025-12-04 15:50
531551011,image,vérifié automatiquement,2025-12-04 15:50
531551061,image,vérifié automatiquement,2025-12-04 15:50
531551121,image,vérifié automatiquement,2025-12-04 15:50
531551171,image,vérifié automatiquement,2025-12-04 15:50
537231121,image,vérifié automatiquement,2025-12-04 15:50
537231191,image,vérifié automatiquement,2025-12-04 15:50
537686371,son,pas d'image 480 disponible,2025-12-04 15:50
537687041,son,pas d'image 480 disponible,2025-12-04 15:50
537690151,image,vérifié automatiquement,2025-12-04 15:50
537693361,image,vérifié automatiquement,2025-12-04 15:50
537698901,image,vérifié automatiquement,2025-12-04 15:50
537715261,image,vérifié automatiquement,2025-12-04 15:50
537716681,image,vérifié automatiquement,2025-12-04 15:50
537717891,image,vérifié automatiquement,2025-12-04 15:50
537733711,image,vérifié automatiquement,2025-12-04 15:50
538019431,son,pas d'image 480 disponible,2025-12-04 15:50
538020251,image,vérifié automatiquement,2025-12-04 15:50
538020951,image,vérifié automatiquement,2025-12-04 15:50
538021751,image,vérifié automatiquement,2025-12-04 15:50
538022651,image,vérifié automatiquement,2025-12-04 15:50
538023731,image,vérifié automatiquement,2025-12-04 15:50
538111101,image,vérifié automatiquement,2025-12-04 15:50
538112621,image,vérifié automatiquement,2025-12-04 15:50
538113341,image,vérifié automatiquement,2025-12-04 15:50
538114091,image,vérifié automatiquement,2025-12-04 15:50
538117171,image,vérifié automatiquement,2025-12-04 15:50
538146051,image,vérifié automatiquement,2025-12-04 15:50
538146441,image,vérifié automatiquement,2025-12-04 15:50
538147571,image,vérifié automatiquement,2025-12-04 15:50
538148401,image,vérifié automatiquement,2025-12-04 15:50
538149181,image,vérifié automatiquement,2025-12-04 15:50
538160021,image,vérifié automatiquement,2025-12-04 15:50
538162681,image,vérifié automatiquement,2025-12-04 15:50
538163421,image,vérifié automatiquement,2025-12-04 15:50
538163911,image,vérifié automatiquement,2025-12-04 15:50
538169391,image,vérifié automatiquement,2025-12-04 15:50
538305951,image,vérifié automatiquement,2025-12-04 15:50
538314401,son,pas d'image 480 disponible,2025-12-04 15:50
538813031,image,vérifié automatiquement,2025-12-04 15:50
538813821,image,vérifié automatiquement,2025-12-04 15:50
538814871,image,vérifié automatiquement,2025-12-04 15:50
538851671,image,vérifié automatiquement,2025-12-04 15:50
538851741,image,vérifié automatiquement,2025-12-04 15:50
538851891,image,vérifié automatiquement,2025-12-04 15:50
538854031,image,vérifié automatiquement,2025-12-04 15:50
538854171,image,vérifié automatiquement,2025-12-04 15:50
538854651,image,vérifié automatiquement,2025-12-04 15:50
538919931,image,vérifié automatiquement,2025-12-04 15:50
538920161,image,vérifié automatiquement,2025-12-04 15:50
539140241,image,vérifié automatiquement,2025-12-04 15:50
539140871,image,vérifié automatiquement,2025-12-04 15:50
539511961,image,vérifié automatiquement,2025-12-04 15:50
539519631,son,pas d'image 480 disponible,2025-12-04 15:50
539545521,image,vérifié automatiquement,2025-12-04 15:50
539675581,image,vérifié automatiquement,2025-12-04 15:50
539676251,image,vérifié automatiquement,2025-12-04 15:50
539933971,son,pas d'image 480 disponible,2025-12-04 15:50
540020591,image,vérifié automatiquement,2025-12-04 15:50
540020891,image,vérifié automatiquement,2025-12-04 15:50
540021371,image,vérifié automatiquement,2025-12-04 15:50
540021701,image,vérifié automatiquement,2025-12-04 15:50
540022371,image,vérifié automatiquement,2025-12-04 15:50
540369241,image,vérifié automatiquement,2025-12-04 15:50
540370271,image,vérifié automatiquement,2025-12-04 15:50
540371351,image,vérifié automatiquement,2025-12-04 15:50
540371901,image,vérifié automatiquement,2025-12-04 15:50
540372331,image,vérifié automatiquement,2025-12-04 15:50
540372671,image,vérifié automatiquement,2025-12-04 15:50
540373141,image,vérifié automatiquement,2025-12-04 15:50
540576271,image,vérifié automatiquement,2025-12-04 15:50
541167681,image,vérifié automatiquement,2025-12-04 15:50
541203631,image,vérifié automatiquement,2025-12-04 15:50
547556701,son,pas d'image 480 disponible,2025-12-04 15:50
547556711,son,pas d'image 480 disponible,2025-12-04 15:50
548946461,son,pas d'image 480 disponible,2025-12-04 15:50
550411711,image,vérifié automatiquement,2025-12-04 15:50
550689471,image,vérifié automatiquement,2025-12-04 15:50
550899741,image,vérifié automatiquement,2025-12-04 15:50
550900491,image,vérifié automatiquement,2025-12-04 15:50
550901511,image,vérifié automatiquement,2025-12-04 15:50
550903291,image,vérifié automatiquement,2025-12-04 15:50
550903731,image,vérifié automatiquement,2025-12-04 15:50
551008011,son,pas d'image 480 disponible,2025-12-04 15:50
551023951,image,vérifié automatiquement,2025-12-04 15:50
551280611,image,vérifié automatiquement,2025-12-04 15:50
551280661,image,vérifié automatiquement,2025-12-04 15:50
551336691,image,vérifié automatiquement,2025-12-04 15:50
551336761,image,vérifié automatiquement,2025-12-04 15:50
551338171,image,vérifié automatiquement,2025-12-04 15:50
551427041,image,vérifié automatiquement,2025-12-04 15:50
551443791,image,vérifié automatiquement,2025-12-04 15:50
551447311,image,vérifié automatiquement,2025-12-04 15:50
551448481,image,vérifié automatiquement,2025-12-04 15:50
551449281,son,pas d'image 480 disponible,2025-12-04 15:50
551450581,image,vérifié automatiquement,2025-12-04 15:50
551478311,image,vérifié automatiquement,2025-12-04 15:50
551490861,image,vérifié automatiquement,2025-12-04 15:50
551501681,image,vérifié automatiquement,2025-12-04 15:50
551506771,image,vérifié automatiquement,2025-12-04 15:50
551526271,image,vérifié automatiquement,2025-12-04 15:50
551527391,image,vérifié automatiquement,2025-12-04 15:50
551528931,image,vérifié automatiquement,2025-12-04 15:50
551529561,image,vérifié automatiquement,2025-12-04 15:50
551536761,image,vérifié automatiquement,2025-12-04 15:50
551541441,image,vérifié automatiquement,2025-12-04 15:50
551969771,image,vérifié automatiquement,2025-12-04 15:50
551969851,image,vérifié automatiquement,2025-12-04 15:50
551970071,image,vérifié automatiquement,2025-12-04 15:50
551970121,image,vérifié automatiquement,2025-12-04 15:50
551970241,image,vérifié automatiquement,2025-12-04 15:50
551970281,image,vérifié automatiquement,2025-12-04 15:50
551970421,image,vérifié automatiquement,2025-12-04 15:50
551970461,image,vérifié automatiquement,2025-12-04 15:50
551970501,image,vérifié automatiquement,2025-12-04 15:50
551970561,image,vérifié automatiquement,2025-12-04 15:50
551970621,image,vérifié automatiquement,2025-12-04 15:50
551970661,image,vérifié automatiquement,2025-12-04 15:50
552053911,image,vérifié automatiquement,2025-12-04 15:50
552054011,image,vérifié automatiquement,2025-12-04 15:50
552054131,image,vérifié automatiquement,2025-12-04 15:50
552054221,image,vérifié automatiquement,2025-12-04 15:50
552054281,image,vérifié automatiquement,2025-12-04 15:50
552054431,image,vérifié automatiquement,2025-12-04 15:50
552514411,son,pas d'image 480 disponible,2025-12-04 15:50
56074131,image,vérifié automatiquement,2025-12-04 15:50
56074361,image,vérifié automatiquement,2025-12-04 15:50
56174671,image,vérifié automatiquement,2025-12-04 15:50
56174701,image,vérifié automatiquement,2025-12-04 15:50
56174811,image,vérifié automatiquement,2025-12-04 15:50
56174821,image,vérifié automatiquement,2025-12-04 15:50
56174881,image,vérifié automatiquement,2025-12-04 15:50
56174911,image,vérifié automatiquement,2025-12-04 15:50
56174921,image,vérifié automatiquement,2025-12-04 15:50
56260801,image,vérifié automatiquement,2025-12-04 15:50
56260811,image,vérifié automatiquement,2025-12-04 15:50
56260821,image,vérifié automatiquement,2025-12-04 15:50
56260841,image,vérifié automatiquement,2025-12-04 15:50
56260921,image,vérifié automatiquement,2025-12-04 15:50
56261431,image,vérifié automatiquement,2025-12-04 15:50
56261461,image,vérifié automatiquement,2025-12-04 15:50
56261491,image,vérifié automatiquement,2025-12-04 15:50
56261511,image,vérifié automatiquement,2025-12-04 15:50
562835501,son,pas d'image 480 disponible,2025-12-04 15:50
56288721,image,vérifié automatiquement,2025-12-04 15:50
56288751,image,vérifié automatiquement,2025-12-04 15:50
56288821,image,vérifié automatiquement,2025-12-04 15:50
56288861,image,vérifié automatiquement,2025-12-04 15:50
56291681,image,vérifié automatiquement,2025-12-04 15:50
56291701,image,vérifié automatiquement,2025-12-04 15:50
56292301,image,vérifié automatiquement,2025-12-04 15:50
56292351,image,vérifié automatiquement,2025-12-04 15:50
56292361,image,vérifié automatiquement,2025-12-04 15:50
571291361,image,vérifié automatiquement,2025-12-04 15:50
575025281,image,vérifié automatiquement,2025-12-04 15:50
575025591,image,vérifié automatiquement,2025-12-04 15:50
575026051,image,vérifié automatiquement,2025-12-04 15:50
575026061,image,vérifié automatiquement,2025-12-04 15:50
575026651,image,vérifié automatiquement,2025-12-04 15:50
575026821,image,vérifié automatiquement,2025-12-04 15:50
576031631,son,pas d'image 480 disponible,2025-12-04 15:50
576031641,son,pas d'image 480 disponible,2025-12-04 15:50
58123211,image,vérifié automatiquement,2025-12-04 15:50
58123221,image,vérifié automatiquement,2025-12-04 15:50
58123251,image,vérifié automatiquement,2025-12-04 15:50
583692461,image,vérifié automatiquement,2025-12-04 15:50
583692471,image,vérifié automatiquement,2025-12-04 15:50
586881761,image,vérifié automatiquement,2025-12-04 15:50
586902591,image,vérifié automatiquement,2025-12-04 15:50
586965331,image,vérifié automatiquement,2025-12-04 15:50
586965341,image,vérifié automatiquement,2025-12-04 15:50
586965361,image,vérifié automatiquement,2025-12-04 15:50
586965471,image,vérifié automatiquement,2025-12-04 15:50
586966181,image,vérifié automatiquement,2025-12-04 15:50
586966831,image,vérifié automatiquement,2025-12-04 15:50
586967991,image,vérifié automatiquement,2025-12-04 15:50
586982281,son,pas d'image 480 disponible,2025-12-04 15:50
586982411,son,pas d'image 480 disponible,2025-12-04 15:50
587059801,image,vérifié automatiquement,2025-12-04 15:50
587610871,image,vérifié automatiquement,2025-12-04 15:50
587610991,image,vérifié automatiquement,2025-12-04 15:50
58816691,image,vérifié automatiquement,2025-12-04 15:50
58816701,image,vérifié automatiquement,2025-12-04 15:50
58816711,image,vérifié automatiquement,2025-12-04 15:50
58816731,image,vérifié automatiquement,2025-12-04 15:50
58816751,image,vérifié automatiquement,2025-12-04 15:50
592886881,image,vérifié automatiquement,2025-12-04 15:50
592886891,image,vérifié automatiquement,2025-12-04 15:50
592886921,image,vérifié automatiquement,2025-12-04 15:50
592887071,image,vérifié automatiquement,2025-12-04 15:50
592887181,image,vérifié automatiquement,2025-12-04 15:50
596417611,image,vérifié automatiquement,2025-12-04 15:50
596419131,image,vérifié automatiquement,2025-12-04 15:50
596419841,image,vérifié automatiquement,2025-12-04 15:50
596420341,image,vérifié automatiquement,2025-12-04 15:50
596423541,image,vérifié automatiquement,2025-12-04 15:50
596428981,image,vérifié automatiquement,2025-12-04 15:50
596429671,image,vérifié automatiquement,2025-12-04 15:50
596430031,image,vérifié automatiquement,2025-12-04 15:50
596565471,image,vérifié automatiquement,2025-12-04 15:50
596574901,image,vérifié automatiquement,2025-12-04 15:50
596575231,image,vérifié automatiquement,2025-12-04 15:50
597053391,image,vérifié automatiquement,2025-12-04 15:50
597054591,image,vérifié automatiquement,2025-12-04 15:50
597057151,image,vérifié automatiquement,2025-12-04 15:50
597242251,image,vérifié automatiquement,2025-12-04 15:50
597242761,image,vérifié automatiquement,2025-12-04 15:50
597243021,image,vérifié automatiquement,2025-12-04 15:50
597243671,image,vérifié automatiquement,2025-12-04 15:50
597244251,image,vérifié automatiquement,2025-12-04 15:50
597244531,image,vérifié automatiquement,2025-12-04 15:50
597250161,image,vérifié automatiquement,2025-12-04 15:50
597527811,image,vérifié automatiquement,2025-12-04 15:50
597527821,image,vérifié automatiquement,2025-12-04 15:50
597527841,image,vérifié automatiquement,2025-12-04 15:50
597615231,image,vérifié automatiquement,2025-12-04 15:50
597788411,image,vérifié automatiquement,2025-12-04 15:50
598036731,image,vérifié automatiquement,2025-12-04 15:50
598036741,image,vérifié automatiquement,2025-12-04 15:50
598052811,image,vérifié automatiquement,2025-12-04 15:50
598053051,image,vérifié automatiquement,2025-12-04 15:50
598053341,image,vérifié automatiquement,2025-12-04 15:50
598053721,image,vérifié automatiquement,2025-12-04 15:50
598055341,image,vérifié automatiquement,2025-12-04 15:50
598284931,image,vérifié automatiquement,2025-12-04 15:50
598288891,image,vérifié automatiquement,2025-12-04 15:50
598290261,image,vérifié automatiquement,2025-12-04 15:50
598309601,image,vérifié automatiquement,2025-12-04 15:50
598309891,image,vérifié automatiquement,2025-12-04 15:50
598310281,image,vérifié automatiquement,2025-12-04 15:50
598310941,image,vérifié automatiquement,2025-12-04 15:50
598318091,son,pas d'image 480 disponible,2025-12-04 15:50
599609771,image,vérifié automatiquement,2025-12-04 15:50
599609791,image,vérifié automatiquement,2025-12-04 15:50
599609831,image,vérifié automatiquement,2025-12-04 15:50
599609851,image,vérifié automatiquement,2025-12-04 15:50
599609871,image,vérifié automatiquement,2025-12-04 15:50
599609881,image,vérifié automatiquement,2025-12-04 15:50
599609891,image,vérifié automatiquement,2025-12-04 15:50
599609911,image,vérifié automatiquement,2025-12-04 15:50
599609921,image,vérifié automatiquement,2025-12-04 15:50
599610011,image,vérifié automatiquement,2025-12-04 15:50
599610061,image,vérifié automatiquement,2025-12-04 15:50
599618111,image,vérifié automatiquement,2025-12-04 15:50
59973861,image,vérifié automatiquement,2025-12-04 15:50
59973871,image,vérifié automatiquement,2025-12-04 15:50
59973881,image,vérifié automatiquement,2025-12-04 15:50
59973941,image,vérifié automatiquement,2025-12-04 15:50
599885991,image,vérifié automatiquement,2025-12-04 15:50
599886571,image,vérifié automatiquement,2025-12-04 15:50
599887001,image,vérifié automatiquement,2025-12-04 15:50
599900381,image,vérifié automatiquement,2025-12-04 15:50
599900791,image,vérifié automatiquement,2025-12-04 15:50
599901291,image,vérifié automatiquement,2025-12-04 15:50
599901311,image,vérifié automatiquement,2025-12-04 15:50
599901351,image,vérifié automatiquement,2025-12-04 15:50
599974461,image,vérifié automatiquement,2025-12-04 15:50
599974471,image,vérifié automatiquement,2025-12-04 15:50
599974481,image,vérifié automatiquement,2025-12-04 15:50
599974491,image,vérifié automatiquement,2025-12-04 15:50
599974501,image,vérifié automatiquement,2025-12-04 15:50
599974511,image,vérifié automatiquement,2025-12-04 15:50
599974521,image,vérifié automatiquement,2025-12-04 15:50
599974551,image,vérifié automatiquement,2025-12-04 15:50
600161571,image,vérifié automatiquement,2025-12-04 15:50
600161581,image,vérifié automatiquement,2025-12-04 15:50
600161591,image,vérifié automatiquement,2025-12-04 15:50
600161601,image,vérifié automatiquement,2025-12-04 15:50
600759791,image,vérifié automatiquement,2025-12-04 15:50
600761231,image,vérifié automatiquement,2025-12-04 15:50
600761791,image,vérifié automatiquement,2025-12-04 15:50
600761931,image,vérifié automatiquement,2025-12-04 15:50
600762191,image,vérifié automatiquement,2025-12-04 15:50
600762431,image,vérifié automatiquement,2025-12-04 15:50
601235391,image,vérifié automatiquement,2025-12-04 15:50
601236091,image,vérifié automatiquement,2025-12-04 15:50
601236471,image,vérifié automatiquement,2025-12-04 15:50
601237031,image,vérifié automatiquement,2025-12-04 15:50
601391321,image,vérifié automatiquement,2025-12-04 15:50
601391361,image,vérifié automatiquement,2025-12-04 15:50
601391601,image,vérifié automatiquement,2025-12-04 15:50
601391621,image,vérifié automatiquement,2025-12-04 15:50
60549681,image,vérifié automatiquement,2025-12-04 15:50
60549691,image,vérifié automatiquement,2025-12-04 15:50
608220561,son,pas d'image 480 disponible,2025-12-04 15:50
608610563,image,vérifié automatiquement,2025-12-04 15:50
608611934,image,vérifié automatiquement,2025-12-04 15:50
608612452,image,vérifié automatiquement,2025-12-04 15:50
608613724,image,vérifié automatiquement,2025-12-04 15:50
608613840,image,vérifié automatiquement,2025-12-04 15:50
608613894,image,vérifié automatiquement,2025-12-04 15:50
608613944,image,vérifié automatiquement,2025-12-04 15:50
608632598,image,vérifié automatiquement,2025-12-04 15:50
608632600,image,vérifié automatiquement,2025-12-04 15:50
608632601,image,vérifié automatiquement,2025-12-04 15:50
608632604,image,vérifié automatiquement,2025-12-04 15:50
608632605,image,vérifié automatiquement,2025-12-04 15:50
608632607,image,vérifié automatiquement,2025-12-04 15:50
608632608,image,vérifié automatiquement,2025-12-04 15:50
608679995,image,vérifié automatiquement,2025-12-04 15:50
608680004,image,vérifié automatiquement,2025-12-04 15:50
608680008,image,vérifié automatiquement,2025-12-04 15:50
608680013,image,vérifié automatiquement,2025-12-04 15:50
608680063,image,vérifié automatiquement,2025-12-04 15:50
608680075,image,vérifié automatiquement,2025-12-04 15:50
608680080,image,vérifié automatiquement,2025-12-04 15:50
608680084,image,vérifié automatiquement,2025-12-04 15:50
608680094,image,vérifié automatiquement,2025-12-04 15:50
608680103,image,vérifié automatiquement,2025-12-04 15:50
608680143,image,vérifié automatiquement,2025-12-04 15:50
608680146,image,vérifié automatiquement,2025-12-04 15:50
608684974,image,vérifié automatiquement,2025-12-04 15:50
608685038,image,vérifié automatiquement,2025-12-04 15:50
609974341,image,vérifié automatiquement,2025-12-04 15:50
610524929,image,vérifié automatiquement,2025-12-04 15:50
610525365,image,vérifié automatiquement,2025-12-04 15:50
610526713,image,vérifié automatiquement,2025-12-04 15:50
610526725,image,vérifié automatiquement,2025-12-04 15:50
610526726,image,vérifié automatiquement,2025-12-04 15:50
610526840,image,vérifié automatiquement,2025-12-04 15:50
610531031,image,vérifié automatiquement,2025-12-04 15:50
610531035,image,vérifié automatiquement,2025-12-04 15:50
610531069,image,vérifié automatiquement,2025-12-04 15:50
610531077,image,vérifié automatiquement,2025-12-04 15:50
611553435,image,vérifié automatiquement,2025-12-04 15:50
611572263,image,vérifié automatiquement,2025-12-04 15:50
611580314,image,vérifié automatiquement,2025-12-04 15:50
611580320,image,vérifié automatiquement,2025-12-04 15:50
611580330,image,vérifié automatiquement,2025-12-04 15:50
611835615,image,vérifié automatiquement,2025-12-04 15:50
612711369,image,vérifié automatiquement,2025-12-04 15:50
612798145,image,vérifié automatiquement,2025-12-04 15:50
612802742,image,vérifié automatiquement,2025-12-04 15:50
612981793,image,vérifié automatiquement,2025-12-04 15:50
612981812,image,vérifié automatiquement,2025-12-04 15:50
612981828,image,vérifié automatiquement,2025-12-04 15:50
612981831,image,vérifié automatiquement,2025-12-04 15:50
613004141,image,vérifié automatiquement,2025-12-04 15:50
613004175,image,vérifié automatiquement,2025-12-04 15:50
613004192,image,vérifié automatiquement,2025-12-04 15:50
613004255,image,vérifié automatiquement,2025-12-04 15:50
613004256,image,vérifié automatiquement,2025-12-04 15:50
613004260,image,vérifié automatiquement,2025-12-04 15:50
613183984,image,vérifié automatiquement,2025-12-04 15:50
613185009,image,vérifié automatiquement,2025-12-04 15:50
613213426,image,vérifié automatiquement,2025-12-04 15:50
613213557,image,vérifié automatiquement,2025-12-04 15:50
613238189,image,vérifié automatiquement,2025-12-04 15:50
613238599,image,vérifié automatiquement,2025-12-04 15:50
61370101,image,vérifié automatiquement,2025-12-04 15:50
61372621,image,vérifié automatiquement,2025-12-04 15:50
61372631,image,vérifié automatiquement,2025-12-04 15:50
61372641,image,vérifié automatiquement,2025-12-04 15:50
61372651,image,vérifié automatiquement,2025-12-04 15:50
614111184,image,vérifié automatiquement,2025-12-04 15:50
614111185,image,vérifié automatiquement,2025-12-04 15:50
614111186,image,vérifié automatiquement,2025-12-04 15:50
615321049,image,vérifié automatiquement,2025-12-04 15:50
615321050,image,vérifié automatiquement,2025-12-04 15:50
615330819,image,vérifié automatiquement,2025-12-04 15:50
615331016,image,vérifié automatiquement,2025-12-04 15:50
615370840,image,vérifié automatiquement,2025-12-04 15:50
615370848,image,vérifié automatiquement,2025-12-04 15:50
615370849,image,vérifié automatiquement,2025-12-04 15:50
615414918,image,vérifié automatiquement,2025-12-04 15:50
615414981,image,vérifié automatiquement,2025-12-04 15:50
615415126,image,vérifié automatiquement,2025-12-04 15:50
615415212,image,vérifié automatiquement,2025-12-04 15:50
615415289,image,vérifié automatiquement,2025-12-04 15:50
615415406,image,vérifié automatiquement,2025-12-04 15:50
615415487,image,vérifié automatiquement,2025-12-04 15:50
615415584,image,vérifié automatiquement,2025-12-04 15:50
615426310,image,vérifié automatiquement,2025-12-04 15:50
615426574,image,vérifié automatiquement,2025-12-04 15:50
615426575,image,vérifié automatiquement,2025-12-04 15:50
615426784,image,vérifié automatiquement,2025-12-04 15:50
615426785,image,vérifié automatiquement,2025-12-04 15:50
615426800,image,vérifié automatiquement,2025-12-04 15:50
615445393,image,vérifié automatiquement,2025-12-04 15:50
615445630,image,vérifié automatiquement,2025-12-04 15:50
615445633,image,vérifié automatiquement,2025-12-04 15:50
615445861,image,vérifié automatiquement,2025-12-04 15:50
615446223,image,vérifié automatiquement,2025-12-04 15:50
615447371,image,vérifié automatiquement,2025-12-04 15:50
615447415,image,vérifié automatiquement,2025-12-04 15:50
615447546,image,vérifié automatiquement,2025-12-04 15:50
615450232,image,vérifié automatiquement,2025-12-04 15:50
615450495,image,vérifié automatiquement,2025-12-04 15:50
615450958,image,vérifié automatiquement,2025-12-04 15:50
615521918,image,vérifié automatiquement,2025-12-04 15:50
615521923,image,vérifié automatiquement,2025-12-04 15:50
615521931,image,vérifié automatiquement,2025-12-04 15:50
615522029,image,vérifié automatiquement,2025-12-04 15:50
615522048,image,vérifié automatiquement,2025-12-04 15:50
615558572,image,vérifié automatiquement,2025-12-04 15:50
615558581,image,vérifié automatiquement,2025-12-04 15:50
615558677,image,vérifié automatiquement,2025-12-04 15:50
615560826,image,vérifié automatiquement,2025-12-04 15:50
615560829,image,vérifié automatiquement,2025-12-04 15:50
615560845,image,vérifié automatiquement,2025-12-04 15:50
615578090,image,vérifié automatiquement,2025-12-04 15:50
615578145,image,vérifié automatiquement,2025-12-04 15:50
615578507,image,vérifié automatiquement,2025-12-04 15:50
615594217,image,vérifié automatiquement,2025-12-04 15:50
615594220,image,vérifié automatiquement,2025-12-04 15:50
615594436,image,vérifié automatiquement,2025-12-04 15:50
615594783,image,vérifié automatiquement,2025-12-04 15:50
615595002,image,vérifié automatiquement,2025-12-04 15:50
615595016,image,vérifié automatiquement,2025-12-04 15:50
615595138,image,vérifié automatiquement,2025-12-04 15:50
615597119,image,vérifié automatiquement,2025-12-04 15:50
615597126,image,vérifié automatiquement,2025-12-04 15:50
615607784,image,vérifié automatiquement,2025-12-04 15:50
615612408,image,vérifié automatiquement,2025-12-04 15:50
615612416,image,vérifié automatiquement,2025-12-04 15:50
615612417,image,vérifié automatiquement,2025-12-04 15:50
615612444,image,vérifié automatiquement,2025-12-04 15:50
615613552,image,vérifié automatiquement,2025-12-04 15:50
615650896,image,vérifié automatiquement,2025-12-04 15:50
615790956,image,vérifié automatiquement,2025-12-04 15:50
615790957,image,vérifié automatiquement,2025-12-04 15:50
615790958,image,vérifié automatiquement,2025-12-04 15:50
616038955,son,pas d'image 480 disponible,2025-12-04 15:50
616782045,image,vérifié automatiquement,2025-12-04 15:50
61824331,image,vérifié automatiquement,2025-12-04 15:50
618922139,image,vérifié automatiquement,2025-12-04 15:50
618922159,image,vérifié automatiquement,2025-12-04 15:50
618922174,image,vérifié automatiquement,2025-12-04 15:50
618922175,image,vérifié automatiquement,2025-12-04 15:50
619144206,image,vérifié automatiquement,2025-12-04 15:50
619144348,image,vérifié automatiquement,2025-12-04 15:50
619291996,son,pas d'image 480 disponible,2025-12-04 15:50
619297276,image,vérifié automatiquement,2025-12-04 15:50
619303494,image,vérifié automatiquement,2025-12-04 15:50
619303612,image,vérifié automatiquement,2025-12-04 15:50
619303744,image,vérifié automatiquement,2025-12-04 15:50
619303910,image,vérifié automatiquement,2025-12-04 15:50
619307306,image,vérifié automatiquement,2025-12-04 15:50
619391197,son,pas d'image 480 disponible,2025-12-04 15:50
619391215,son,pas d'image 480 disponible,2025-12-04 15:50
619640893,image,vérifié automatiquement,2025-12-04 15:50
619641316,image,vérifié automatiquement,2025-12-04 15:50
619641343,image,vérifié automatiquement,2025-12-04 15:50
619729115,image,vérifié automatiquement,2025-12-04 15:50
619729499,image,vérifié automatiquement,2025-12-04 15:50
62069861,image,vérifié automatiquement,2025-12-04 15:50
62069871,image,vérifié automatiquement,2025-12-04 15:50
62069881,image,vérifié automatiquement,2025-12-04 15:50
62069901,image,vérifié automatiquement,2025-12-04 15:50
620935893,image,vérifié automatiquement,2025-12-04 15:50
620935895,image,vérifié automatiquement,2025-12-04 15:50
620935935,son,pas d'image 480 disponible,2025-12-04 15:50
620936184,image,vérifié automatiquement,2025-12-04 15:50
620936271,image,vérifié automatiquement,2025-12-04 15:50
620936330,image,vérifié automatiquement,2025-12-04 15:50
620936427,image,vérifié automatiquement,2025-12-04 15:50
620936453,image,vérifié automatiquement,2025-12-04 15:50
620936530,image,vérifié automatiquement,2025-12-04 15:50
620948213,image,vérifié automatiquement,2025-12-04 15:50
620948214,image,vérifié automatiquement,2025-12-04 15:50
620948238,image,vérifié automatiquement,2025-12-04 15:50
620948244,image,vérifié automatiquement,2025-12-04 15:50
620948255,image,vérifié automatiquement,2025-12-04 15:50
620962742,image,vérifié automatiquement,2025-12-04 15:50
620966759,image,vérifié automatiquement,2025-12-04 15:50
620966819,image,vérifié automatiquement,2025-12-04 15:50
620966894,image,vérifié automatiquement,2025-12-04 15:50
620967277,image,vérifié automatiquement,2025-12-04 15:50
620967354,image,vérifié automatiquement,2025-12-04 15:50
620967419,image,vérifié automatiquement,2025-12-04 15:50
620970310,image,vérifié automatiquement,2025-12-04 15:50
621062273,son,pas d'image 480 disponible,2025-12-04 15:50
621207441,son,pas d'image 480 disponible,2025-12-04 15:50
621374843,image,vérifié automatiquement,2025-12-04 15:50
621374884,image,vérifié automatiquement,2025-12-04 15:50
621374920,image,vérifié automatiquement,2025-12-04 15:50
621396405,image,vérifié automatiquement,2025-12-04 15:50
621396499,image,vérifié automatiquement,2025-12-04 15:50
621396500,image,vérifié automatiquement,2025-12-04 15:50
621396529,image,vérifié automatiquement,2025-12-04 15:50
621396724,image,vérifié automatiquement,2025-12-04 15:50
621398885,image,vérifié automatiquement,2025-12-04 15:50
621398927,image,vérifié automatiquement,2025-12-04 15:50
621569008,son,pas d'image 480 disponible,2025-12-04 15:50
621569083,image,vérifié automatiquement,2025-12-04 15:50
621569105,image,vérifié automatiquement,2025-12-04 15:50
621569131,image,vérifié automatiquement,2025-12-04 15:50
621569735,image,vérifié automatiquement,2025-12-04 15:50
621569756,image,vérifié automatiquement,2025-12-04 15:50
621570147,image,vérifié automatiquement,2025-12-04 15:50
621641064,image,vérifié automatiquement,2025-12-04 15:50
621647161,image,vérifié automatiquement,2025-12-04 15:50
621647408,image,vérifié automatiquement,2025-12-04 15:50
621647409,image,vérifié automatiquement,2025-12-04 15:50
621673415,image,vérifié automatiquement,2025-12-04 15:50
621673422,image,vérifié automatiquement,2025-12-04 15:50
621675350,image,vérifié automatiquement,2025-12-04 15:50
621675473,image,vérifié automatiquement,2025-12-04 15:50
621676560,image,vérifié automatiquement,2025-12-04 15:50
621676714,image,vérifié automatiquement,2025-12-04 15:50
621679535,image,vérifié automatiquement,2025-12-04 15:50
621679614,image,vérifié automatiquement,2025-12-04 15:50
621680308,image,vérifié automatiquement,2025-12-04 15:50
621680450,image,vérifié automatiquement,2025-12-04 15:50
621680506,image,vérifié automatiquement,2025-12-04 15:50
621703277,image,vérifié automatiquement,2025-12-04 15:50
621703311,image,vérifié automatiquement,2025-12-04 15:50
621703359,image,vérifié automatiquement,2025-12-04 15:50
621704073,image,vérifié automatiquement,2025-12-04 15:50
621739786,image,vérifié automatiquement,2025-12-04 15:50
621739790,image,vérifié automatiquement,2025-12-04 15:50
621739798,image,vérifié automatiquement,2025-12-04 15:50
621739926,image,vérifié automatiquement,2025-12-04 15:50
621754364,image,vérifié automatiquement,2025-12-04 15:50
621754497,image,vérifié automatiquement,2025-12-04 15:50
621754696,image,vérifié automatiquement,2025-12-04 15:50
621755346,image,vérifié automatiquement,2025-12-04 15:50
621755388,image,vérifié automatiquement,2025-12-04 15:50
621755434,image,vérifié automatiquement,2025-12-04 15:50
621759519,image,vérifié automatiquement,2025-12-04 15:50
621786548,son,pas d'image 480 disponible,2025-12-04 15:50
621818391,son,pas d'image 480 disponible,2025-12-04 15:50
621818506,image,vérifié automatiquement,2025-12-04 15:50
621819927,image,vérifié automatiquement,2025-12-04 15:50
621835123,image,vérifié automatiquement,2025-12-04 15:50
621835143,son,pas d'image 480 disponible,2025-12-04 15:50
621835200,image,vérifié automatiquement,2025-12-04 15:50
621837748,image,vérifié automatiquement,2025-12-04 15:50
621907839,image,vérifié automatiquement,2025-12-04 15:50
621907859,image,vérifié automatiquement,2025-12-04 15:50
621907864,image,vérifié automatiquement,2025-12-04 15:50
621907867,image,vérifié automatiquement,2025-12-04 15:50
621907872,image,vérifié automatiquement,2025-12-04 15:50
621907875,image,vérifié automatiquement,2025-12-04 15:50
621907884,image,vérifié automatiquement,2025-12-04 15:50
621908070,image,vérifié automatiquement,2025-12-04 15:50
621908371,image,vérifié automatiquement,2025-12-04 15:50
621908472,image,vérifié automatiquement,2025-12-04 15:50
621914936,image,vérifié automatiquement,2025-12-04 15:50
622046260,image,vérifié automatiquement,2025-12-04 15:50
622046605,image,vérifié automatiquement,2025-12-04 15:50
622062705,image,vérifié automatiquement,2025-12-04 15:50
622062802,image,vérifié automatiquement,2025-12-04 15:50
622076809,image,vérifié automatiquement,2025-12-04 15:50
622076834,image,vérifié automatiquement,2025-12-04 15:50
622076838,image,vérifié automatiquement,2025-12-04 15:50
622076846,image,vérifié automatiquement,2025-12-04 15:50
622076847,image,vérifié automatiquement,2025-12-04 15:50
622076849,image,vérifié automatiquement,2025-12-04 15:50
622133358,image,vérifié automatiquement,2025-12-04 15:50
622133429,image,vérifié automatiquement,2025-12-04 15:50
622133537,image,vérifié automatiquement,2025-12-04 15:50
622158973,son,pas d'image 480 disponible,2025-12-04 15:50
622196233,son,pas d'image 480 disponible,2025-12-04 15:50
622236794,son,pas d'image 480 disponible,2025-12-04 15:50
622237312,image,vérifié automatiquement,2025-12-04 15:50
622239692,image,vérifié automatiquement,2025-12-04 15:50
622239806,image,vérifié automatiquement,2025-12-04 15:50
622401982,image,vérifié automatiquement,2025-12-04 15:50
622613426,image,vérifié automatiquement,2025-12-04 15:50
622613445,image,vérifié automatiquement,2025-12-04 15:50
622613704,image,vérifié automatiquement,2025-12-04 15:50
622700281,image,vérifié automatiquement,2025-12-04 15:50
622741767,image,vérifié automatiquement,2025-12-04 15:50
622742129,image,vérifié automatiquement,2025-12-04 15:50
62305101,image,vérifié automatiquement,2025-12-04 15:50
624479083,image,vérifié automatiquement,2025-12-04 15:50
624479084,image,vérifié automatiquement,2025-12-04 15:50
624479092,image,vérifié automatiquement,2025-12-04 15:50
624479226,image,vérifié automatiquement,2025-12-04 15:50
624479314,image,vérifié automatiquement,2025-12-04 15:50
624479463,image,vérifié automatiquement,2025-12-04 15:50
624479526,image,vérifié automatiquement,2025-12-04 15:50
624479615,image,vérifié automatiquement,2025-12-04 15:50
624479683,image,vérifié automatiquement,2025-12-04 15:50
624499115,son,pas d'image 480 disponible,2025-12-04 15:50
625020442,image,vérifié automatiquement,2025-12-04 15:50
625020580,image,vérifié automatiquement,2025-12-04 15:50
625363065,image,vérifié automatiquement,2025-12-04 15:50
625363066,image,vérifié automatiquement,2025-12-04 15:50
62726591,image,vérifié automatiquement,2025-12-04 15:50
62726601,image,vérifié automatiquement,2025-12-04 15:50
62726611,image,vérifié automatiquement,2025-12-04 15:50
627923895,image,vérifié automatiquement,2025-12-04 15:50
627924229,image,vérifié automatiquement,2025-12-04 15:50
627924409,image,vérifié automatiquement,2025-12-04 15:50
627963894,image,vérifié automatiquement,2025-12-04 15:50
627963896,image,vérifié automatiquement,2025-12-04 15:50
627963902,image,vérifié automatiquement,2025-12-04 15:50
627963950,image,vérifié automatiquement,2025-12-04 15:50
627969727,image,vérifié automatiquement,2025-12-04 15:50
627969728,image,vérifié automatiquement,2025-12-04 15:50
628099974,image,vérifié automatiquement,2025-12-04 15:50
628099976,image,vérifié automatiquement,2025-12-04 15:50
628099992,image,vérifié automatiquement,2025-12-04 15:50
628686776,image,vérifié automatiquement,2025-12-04 15:50
628686789,image,vérifié automatiquement,2025-12-04 15:50
628686812,image,vérifié automatiquement,2025-12-04 15:50
628686813,image,vérifié automatiquement,2025-12-04 15:50
629034237,son,pas d'image 480 disponible,2025-12-04 15:50
629547904,image,vérifié automatiquement,2025-12-04 15:50
629727362,image,vérifié automatiquement,2025-12-04 15:50
629727363,image,vérifié automatiquement,2025-12-04 15:50
629727390,image,vérifié automatiquement,2025-12-04 15:50
629727391,image,vérifié automatiquement,2025-12-04 15:50
629727392,image,vérifié automatiquement,2025-12-04 15:50
629727395,image,vérifié automatiquement,2025-12-04 15:50
630075676,image,vérifié automatiquement,2025-12-04 15:50
630075677,image,vérifié automatiquement,2025-12-04 15:50
630075692,image,vérifié automatiquement,2025-12-04 15:50
630075697,image,vérifié automatiquement,2025-12-04 15:50
631177205,image,vérifié automatiquement,2025-12-04 15:50
631177221,image,vérifié automatiquement,2025-12-04 15:50
631360445,image,vérifié automatiquement,2025-12-04 15:50
63145451,image,vérifié automatiquement,2025-12-04 15:50
63145471,image,vérifié automatiquement,2025-12-04 15:50
631703590,image,vérifié automatiquement,2025-12-04 15:50
631703695,image,vérifié automatiquement,2025-12-04 15:50
631704062,image,vérifié automatiquement,2025-12-04 15:50
631704228,image,vérifié automatiquement,2025-12-04 15:50
631704488,image,vérifié automatiquement,2025-12-04 15:50
631714506,image,vérifié automatiquement,2025-12-04 15:50
631803857,image,vérifié automatiquement,2025-12-04 15:50
634343176,son,pas d'image 480 disponible,2025-12-04 15:50
634396281,son,pas d'image 480 disponible,2025-12-04 15:50
634567939,image,vérifié automatiquement,2025-12-04 15:50
634629185,image,vérifié automatiquement,2025-12-04 15:50
634629187,image,vérifié automatiquement,2025-12-04 15:50
634629188,image,vérifié automatiquement,2025-12-04 15:50
634629189,image,vérifié automatiquement,2025-12-04 15:50
634629190,image,vérifié automatiquement,2025-12-04 15:50
634655230,son,pas d'image 480 disponible,2025-12-04 15:50
634832438,image,vérifié automatiquement,2025-12-04 15:50
634832439,image,vérifié automatiquement,2025-12-04 15:50
634832441,image,vérifié automatiquement,2025-12-04 15:50
634960470,son,pas d'image 480 disponible,2025-12-04 15:50
634963168,image,vérifié automatiquement,2025-12-04 15:50
634963194,image,vérifié automatiquement,2025-12-04 15:50
634963201,image,vérifié automatiquement,2025-12-04 15:50
635300858,image,vérifié automatiquement,2025-12-04 15:50
635360544,son,pas d'image 480 disponible,2025-12-04 15:50
635542536,son,pas d'image 480 disponible,2025-12-04 15:50
635542607,son,pas d'image 480 disponible,2025-12-04 15:50
635598733,image,vérifié automatiquement,2025-12-04 15:50
635598736,image,vérifié automatiquement,2025-12-04 15:50
635598737,image,vérifié automatiquement,2025-12-04 15:50
635598738,image,vérifié automatiquement,2025-12-04 15:50
635598739,image,vérifié automatiquement,2025-12-04 15:50
635604549,son,pas d'image 480 disponible,2025-12-04 15:50
635778299,image,vérifié automatiquement,2025-12-04 15:50
63597001,image,vérifié automatiquement,2025-12-04 15:50
63597011,image,vérifié automatiquement,2025-12-04 15:50
63597021,image,vérifié automatiquement,2025-12-04 15:50
636161617,image,vérifié automatiquement,2025-12-04 15:50
636161621,image,vérifié automatiquement,2025-12-04 15:50
636161629,image,vérifié automatiquement,2025-12-04 15:50
636161633,image,vérifié automatiquement,2025-12-04 15:50
636161642,image,vérifié automatiquement,2025-12-04 15:50
63624511,image,vérifié automatiquement,2025-12-04 15:50
63624561,image,vérifié automatiquement,2025-12-04 15:50
63624591,image,vérifié automatiquement,2025-12-04 15:50
636338802,son,pas d'image 480 disponible,2025-12-04 15:50
637556640,image,vérifié automatiquement,2025-12-04 15:50
637556657,image,vérifié automatiquement,2025-12-04 15:50
637997325,image,vérifié automatiquement,2025-12-04 15:50
637997382,image,vérifié automatiquement,2025-12-04 15:50
637997401,image,vérifié automatiquement,2025-12-04 15:50
638313868,image,vérifié automatiquement,2025-12-04 15:50
638314232,image,vérifié automatiquement,2025-12-04 15:50
638318912,image,vérifié automatiquement,2025-12-04 15:50
638318915,image,vérifié automatiquement,2025-12-04 15:50
638318939,image,vérifié automatiquement,2025-12-04 15:50
638318951,image,vérifié automatiquement,2025-12-04 15:50
638319003,image,vérifié automatiquement,2025-12-04 15:50
63837021,image,vérifié automatiquement,2025-12-04 15:50
638391657,image,vérifié automatiquement,2025-12-04 15:50
638391666,image,vérifié automatiquement,2025-12-04 15:50
638391672,image,vérifié automatiquement,2025-12-04 15:50
638391795,image,vérifié automatiquement,2025-12-04 15:50
638396083,image,vérifié automatiquement,2025-12-04 15:50
638396164,image,vérifié automatiquement,2025-12-04 15:50
638396418,image,vérifié automatiquement,2025-12-04 15:50
638396458,image,vérifié automatiquement,2025-12-04 15:50
638441893,image,vérifié automatiquement,2025-12-04 15:50
638441894,image,vérifié automatiquement,2025-12-04 15:50
638455708,image,vérifié automatiquement,2025-12-04 15:50
638455952,image,vérifié automatiquement,2025-12-04 15:50
638498978,image,vérifié automatiquement,2025-12-04 15:50
638538248,image,vérifié automatiquement,2025-12-04 15:50
638538361,image,vérifié automatiquement,2025-12-04 15:50
638539315,image,vérifié automatiquement,2025-12-04 15:50
638539590,image,vérifié automatiquement,2025-12-04 15:50
638540618,image,vérifié automatiquement,2025-12-04 15:50
638762104,image,vérifié automatiquement,2025-12-04 15:50
638762131,image,vérifié automatiquement,2025-12-04 15:50
638762887,son,pas d'image 480 disponible,2025-12-04 15:50
638762888,image,vérifié automatiquement,2025-12-04 15:50
638763698,image,vérifié automatiquement,2025-12-04 15:50
638763699,image,vérifié automatiquement,2025-12-04 15:50
638763700,image,vérifié automatiquement,2025-12-04 15:50
638764370,image,vérifié automatiquement,2025-12-04 15:50
638764559,image,vérifié automatiquement,2025-12-04 15:50
639035117,image,vérifié automatiquement,2025-12-04 15:50
639035276,image,vérifié automatiquement,2025-12-04 15:50
639035501,image,vérifié automatiquement,2025-12-04 15:50
639035706,image,vérifié automatiquement,2025-12-04 15:50
639063922,image,vérifié automatiquement,2025-12-04 15:50
639063923,image,vérifié automatiquement,2025-12-04 15:50
639066558,image,vérifié automatiquement,2025-12-04 15:50
639066559,image,vérifié automatiquement,2025-12-04 15:50
639066739,son,pas d'image 480 disponible,2025-12-04 15:50
639067147,image,vérifié automatiquement,2025-12-04 15:50
639093479,image,vérifié automatiquement,2025-12-04 15:50
63909581,image,vérifié automatiquement,2025-12-04 15:50
63909591,image,vérifié automatiquement,2025-12-04 15:50
639209792,image,vérifié automatiquement,2025-12-04 15:50
639209821,image,vérifié automatiquement,2025-12-04 15:50
639209946,image,vérifié automatiquement,2025-12-04 15:50
639209993,image,vérifié automatiquement,2025-12-04 15:50
639210700,image,vérifié automatiquement,2025-12-04 15:50
639253229,image,vérifié automatiquement,2025-12-04 15:50
639253231,image,vérifié automatiquement,2025-12-04 15:50
639253240,image,vérifié automatiquement,2025-12-04 15:50
639253270,image,vérifié automatiquement,2025-12-04 15:50
639418537,image,vérifié automatiquement,2025-12-04 15:50
639418723,image,vérifié automatiquement,2025-12-04 15:50
639420466,image,vérifié automatiquement,2025-12-04 15:50
639420507,image,vérifié automatiquement,2025-12-04 15:50
639420591,image,vérifié automatiquement,2025-12-04 15:50
639423402,image,vérifié automatiquement,2025-12-04 15:50
639423786,image,vérifié automatiquement,2025-12-04 15:50
639424508,image,vérifié automatiquement,2025-12-04 15:50
639464065,image,vérifié automatiquement,2025-12-04 15:50
639464066,image,vérifié automatiquement,2025-12-04 15:50
639464067,image,vérifié automatiquement,2025-12-04 15:50
639464076,image,vérifié automatiquement,2025-12-04 15:50
639464083,image,vérifié automatiquement,2025-12-04 15:50
639464087,image,vérifié automatiquement,2025-12-04 15:50
639464098,image,vérifié automatiquement,2025-12-04 15:50
639464135,image,vérifié automatiquement,2025-12-04 15:50
639510040,image,vérifié automatiquement,2025-12-04 15:50
639510093,image,vérifié automatiquement,2025-12-04 15:50
639510100,image,vérifié automatiquement,2025-12-04 15:50
639510105,image,vérifié automatiquement,2025-12-04 15:50
639512726,image,vérifié automatiquement,2025-12-04 15:50
639513184,image,vérifié automatiquement,2025-12-04 15:50
639513422,image,vérifié automatiquement,2025-12-04 15:50
639513820,image,vérifié automatiquement,2025-12-04 15:50
639514020,image,vérifié automatiquement,2025-12-04 15:50
639519891,image,vérifié automatiquement,2025-12-04 15:50
639520000,image,vérifié automatiquement,2025-12-04 15:50
639562180,image,vérifié automatiquement,2025-12-04 15:50
639562469,image,vérifié automatiquement,2025-12-04 15:50
639562527,image,vérifié automatiquement,2025-12-04 15:50
639562647,image,vérifié automatiquement,2025-12-04 15:50
639562763,image,vérifié automatiquement,2025-12-04 15:50
639562971,image,vérifié automatiquement,2025-12-04 15:50
639562972,image,vérifié automatiquement,2025-12-04 15:50
639563080,image,vérifié automatiquement,2025-12-04 15:50
639659230,image,vérifié automatiquement,2025-12-04 15:50
639659231,image,vérifié automatiquement,2025-12-04 15:50
639659232,image,vérifié automatiquement,2025-12-04 15:50
639659249,image,vérifié automatiquement,2025-12-04 15:50
639668407,image,vérifié automatiquement,2025-12-04 15:50
639676083,image,vérifié automatiquement,2025-12-04 15:50
639676089,image,vérifié automatiquement,2025-12-04 15:50
639718611,image,vérifié automatiquement,2025-12-04 15:50
639718612,image,vérifié automatiquement,2025-12-04 15:50
639815593,image,vérifié automatiquement,2025-12-04 15:50
639815601,image,vérifié automatiquement,2025-12-04 15:50
639815688,image,vérifié automatiquement,2025-12-04 15:50
639815821,image,vérifié automatiquement,2025-12-04 15:50
639815857,image,vérifié automatiquement,2025-12-04 15:50
640513227,son,pas d'image 480 disponible,2025-12-04 15:50
641877146,image,vérifié automatiquement,2025-12-04 15:50
641877156,image,vérifié automatiquement,2025-12-04 15:50
641877501,image,vérifié automatiquement,2025-12-04 15:50
641877722,image,vérifié automatiquement,2025-12-04 15:50
642655878,son,pas d'image 480 disponible,2025-12-04 15:50
642734537,image,vérifié automatiquement,2025-12-04 15:50
642734538,image,vérifié automatiquement,2025-12-04 15:50
642734795,image,vérifié automatiquement,2025-12-04 15:50
642735002,image,vérifié automatiquement,2025-12-04 15:50
643131317,son,pas d'image 480 disponible,2025-12-04 15:50
643131318,son,pas d'image 480 disponible,2025-12-04 15:50
643840234,image,vérifié automatiquement,2025-12-04 15:50
643840433,image,vérifié automatiquement,2025-12-04 15:50
643840515,image,vérifié automatiquement,2025-12-04 15:50
645202604,image,vérifié automatiquement,2025-12-04 15:50
645202605,image,vérifié automatiquement,2025-12-04 15:50
645202616,image,vérifié automatiquement,2025-12-04 15:50
645202618,image,vérifié automatiquement,2025-12-04 15:50
645202621,image,vérifié automatiquement,2025-12-04 15:50
645202629,image,vérifié automatiquement,2025-12-04 15:50
645225203,image,vérifié automatiquement,2025-12-04 15:50
645225204,image,vérifié automatiquement,2025-12-04 15:50
645225206,image,vérifié automatiquement,2025-12-04 15:50
645225208,image,vérifié automatiquement,2025-12-04 15:50
645225209,image,vérifié automatiquement,2025-12-04 15:50
645225211,image,vérifié automatiquement,2025-12-04 15:50
645225218,image,vérifié automatiquement,2025-12-04 15:50
645225223,image,vérifié automatiquement,2025-12-04 15:50
645225254,image,vérifié automatiquement,2025-12-04 15:50
645225274,image,vérifié automatiquement,2025-12-04 15:50
645225321,image,vérifié automatiquement,2025-12-04 15:50
645225342,image,vérifié automatiquement,2025-12-04 15:50
645225397,image,vérifié automatiquement,2025-12-04 15:50
645225399,image,vérifié automatiquement,2025-12-04 15:50
645225407,image,vérifié automatiquement,2025-12-04 15:50
645225408,image,vérifié automatiquement,2025-12-04 15:50
645225409,image,vérifié automatiquement,2025-12-04 15:50
645225410,image,vérifié automatiquement,2025-12-04 15:50
645225412,image,vérifié automatiquement,2025-12-04 15:50
645225416,image,vérifié automatiquement,2025-12-04 15:50
645225437,image,vérifié automatiquement,2025-12-04 15:50
645225451,image,vérifié automatiquement,2025-12-04 15:50
646147892,image,vérifié automatiquement,2025-12-08 07:36
646147910,image,vérifié automatiquement,2025-12-08 07:36
646148013,image,vérifié automatiquement,2025-12-08 07:36
646148023,image,vérifié automatiquement,2025-12-08 07:36
646154208,image,vérifié automatiquement,2025-12-08 07:36
646154257,image,vérifié automatiquement,2025-12-08 07:36
64638541,image,vérifié automatiquement,2025-12-04 15:50
64638551,image,vérifié automatiquement,2025-12-04 15:50
646648686,image,vérifié automatiquement,2026-01-07 15:40
646670090,image,vérifié automatiquement,2026-01-07 15:40
646684856,image,vérifié automatiquement,2026-01-07 15:40
646693328,image,vérifié automatiquement,2026-01-07 15:40
646693350,image,vérifié automatiquement,2026-01-07 15:40
646693351,image,vérifié automatiquement,2026-01-07 15:40
646693378,image,vérifié automatiquement,2026-01-07 15:40
647020831,son,pas d'image 480 disponible,2026-01-07 15:40
647727304,image,vérifié automatiquement,2026-01-07 15:40
647727307,image,vérifié automatiquement,2026-01-07 15:40
647756386,image,vérifié automatiquement,2026-01-07 15:40
647756387,image,vérifié automatiquement,2026-01-07 15:40
647762099,image,vérifié automatiquement,2026-01-07 15:40
647762100,image,vérifié automatiquement,2026-01-07 15:40
647762672,image,vérifié automatiquement,2026-01-07 15:40
647762673,image,vérifié automatiquement,2026-01-07 15:40
647798734,image,vérifié automatiquement,2026-01-07 15:40
647798735,image,vérifié automatiquement,2026-01-07 15:40
647824138,image,vérifié automatiquement,2026-01-07 15:40
648242828,image,vérifié automatiquement,2026-01-07 15:40
648242830,image,vérifié automatiquement,2026-01-07 15:40
648243069,image,vérifié automatiquement,2026-01-07 15:40
648244122,image,vérifié automatiquement,2026-01-07 15:40
648712363,image,vérifié automatiquement,2026-01-11 18:39
648712364,image,vérifié automatiquement,2026-01-11 18:39
648712417,image,vérifié automatiquement,2026-01-11 18:39
648712611,image,vérifié automatiquement,2026-01-11 18:39
648713425,image,vérifié automatiquement,2026-01-11 18:39
648713426,image,vérifié automatiquement,2026-01-11 18:39
649163488,image,vérifié automatiquement,2026-02-16 12:32
649626093,image,vérifié automatiquement,2026-02-16 12:32
649626105,image,vérifié automatiquement,2026-02-16 12:32
649626137,image,vérifié automatiquement,2026-02-16 12:32
649626139,image,vérifié automatiquement,2026-02-16 12:32
649626140,image,vérifié automatiquement,2026-02-16 12:32
649626141,image,vérifié automatiquement,2026-02-16 12:32
649626142,image,vérifié automatiquement,2026-02-16 12:32
649632369,image,vérifié automatiquement,2026-02-16 12:32
649763193,image,vérifié automatiquement,2026-02-16 12:32
649798462,image,vérifié automatiquement,2026-02-16 12:32
649802003,image,vérifié automatiquement,2026-02-16 12:32
650524991,image,vérifié automatiquement,2026-02-16 12:32
650524999,image,vérifié automatiquement,2026-02-16 12:32
650525119,image,vérifié automatiquement,2026-02-16 12:32
650724181,image,vérifié automatiquement,2026-02-16 12:32
65478141,image,vérifié automatiquement,2025-12-04 15:50
65482241,image,vérifié automatiquement,2025-12-04 15:50
65560211,image,vérifié automatiquement,2025-12-04 15:50
65560411,image,vérifié automatiquement,2025-12-04 15:50
65560431,image,vérifié automatiquement,2025-12-04 15:50
65560631,image,vérifié automatiquement,2025-12-04 15:50
65560681,image,vérifié automatiquement,2025-12-04 15:50
65560711,image,vérifié automatiquement,2025-12-04 15:50
65560761,image,vérifié automatiquement,2025-12-04 15:50
65560791,image,vérifié automatiquement,2025-12-04 15:50
65560811,image,vérifié automatiquement,2025-12-04 15:50
65721011,image,vérifié automatiquement,2025-12-04 15:50
65721131,image,vérifié automatiquement,2025-12-04 15:50
66386401,image,vérifié automatiquement,2025-12-04 15:50
66386661,image,vérifié automatiquement,2025-12-04 15:50
66386971,image,vérifié automatiquement,2025-12-04 15:50
66387041,image,vérifié automatiquement,2025-12-04 15:50
66387081,image,vérifié automatiquement,2025-12-04 15:50
66387101,image,vérifié automatiquement,2025-12-04 15:50
66387111,image,vérifié automatiquement,2025-12-04 15:50
66388331,image,vérifié automatiquement,2025-12-04 15:50
71427171,image,vérifié automatiquement,2025-12-04 15:50
71427181,image,vérifié automatiquement,2025-12-04 15:50
71488381,image,vérifié automatiquement,2025-12-04 15:50
71488401,image,vérifié automatiquement,2025-12-04 15:50
71488601,image,vérifié automatiquement,2025-12-04 15:50
72128931,image,vérifié automatiquement,2025-12-04 15:50
72128981,image,vérifié automatiquement,2025-12-04 15:50
72129111,image,vérifié automatiquement,2025-12-04 15:50
73504041,image,vérifié automatiquement,2025-12-04 15:50
73504051,image,vérifié automatiquement,2025-12-04 15:50
73507041,image,vérifié automatiquement,2025-12-04 15:50
73507771,image,vérifié automatiquement,2025-12-04 15:50
73508461,image,vérifié automatiquement,2025-12-04 15:50
73572881,image,vérifié automatiquement,2025-12-04 15:50
73572921,image,vérifié automatiquement,2025-12-04 15:50
73572931,image,vérifié automatiquement,2025-12-04 15:50
73602991,image,vérifié automatiquement,2025-12-04 15:50
73603011,image,vérifié automatiquement,2025-12-04 15:50
73603141,image,vérifié automatiquement,2025-12-04 15:50
73603151,image,vérifié automatiquement,2025-12-04 15:50
73603161,image,vérifié automatiquement,2025-12-04 15:50
73603171,image,vérifié automatiquement,2025-12-04 15:50
73634241,image,vérifié automatiquement,2025-12-04 15:50
73634291,image,vérifié automatiquement,2025-12-04 15:50
73634301,image,vérifié automatiquement,2025-12-04 15:50
73634471,image,vérifié automatiquement,2025-12-04 15:50
73634531,image,vérifié automatiquement,2025-12-04 15:50
73634541,image,vérifié automatiquement,2025-12-04 15:50
74432791,image,vérifié automatiquement,2025-12-04 15:50
74432911,image,vérifié automatiquement,2025-12-04 15:50
74432921,image,vérifié automatiquement,2025-12-04 15:50
74432941,image,vérifié automatiquement,2025-12-04 15:50
74432951,image,vérifié automatiquement,2025-12-04 15:50
74432971,image,vérifié automatiquement,2025-12-04 15:50
74433041,image,vérifié automatiquement,2025-12-04 15:50
74433051,image,vérifié automatiquement,2025-12-04 15:50
74433071,image,vérifié automatiquement,2025-12-04 15:50
74433091,image,vérifié automatiquement,2025-12-04 15:50
74433141,image,vérifié automatiquement,2025-12-04 15:50
74433161,image,vérifié automatiquement,2025-12-04 15:50
74433171,image,vérifié automatiquement,2025-12-04 15:50
74433221,image,vérifié automatiquement,2025-12-04 15:50
74433251,image,vérifié automatiquement,2025-12-04 15:50
74433301,image,vérifié automatiquement,2025-12-04 15:50
74433541,image,vérifié automatiquement,2025-12-04 15:50
74433551,image,vérifié automatiquement,2025-12-04 15:50
74433561,image,vérifié automatiquement,2025-12-04 15:50
74433581,image,vérifié automatiquement,2025-12-04 15:50
74433601,image,vérifié automatiquement,2025-12-04 15:50
74433661,image,vérifié automatiquement,2025-12-04 15:50
74433671,image,vérifié automatiquement,2025-12-04 15:50
74433691,image,vérifié automatiquement,2025-12-04 15:50
74433721,image,vérifié automatiquement,2025-12-04 15:50
74433751,image,vérifié automatiquement,2025-12-04 15:50
74433781,image,vérifié automatiquement,2025-12-04 15:50
74433811,image,vérifié automatiquement,2025-12-04 15:50
74433821,image,vérifié automatiquement,2025-12-04 15:50
74433851,image,vérifié automatiquement,2025-12-04 15:50
74433891,image,vérifié automatiquement,2025-12-04 15:50
74433901,image,vérifié automatiquement,2025-12-04 15:50
74433911,image,vérifié automatiquement,2025-12-04 15:50
74433921,image,vérifié automatiquement,2025-12-04 15:50
74433941,image,vérifié automatiquement,2025-12-04 15:50
74433961,image,vérifié automatiquement,2025-12-04 15:50
74435531,image,vérifié automatiquement,2025-12-04 15:50
74435551,image,vérifié automatiquement,2025-12-04 15:50
74435571,image,vérifié automatiquement,2025-12-04 15:50
74435581,image,vérifié automatiquement,2025-12-04 15:50
74435591,image,vérifié automatiquement,2025-12-04 15:50
74435611,image,vérifié automatiquement,2025-12-04 15:50
74435631,image,vérifié automatiquement,2025-12-04 15:50
74435671,image,vérifié automatiquement,2025-12-04 15:50
74435681,image,vérifié automatiquement,2025-12-04 15:50
74435691,image,vérifié automatiquement,2025-12-04 15:50
74435701,image,vérifié automatiquement,2025-12-04 15:50
74435711,image,vérifié automatiquement,2025-12-04 15:50
74435751,image,vérifié automatiquement,2025-12-04 15:50
74435761,image,vérifié automatiquement,2025-12-04 15:50
74435771,image,vérifié automatiquement,2025-12-04 15:50
74435781,image,vérifié automatiquement,2025-12-04 15:50
74435791,image,vérifié automatiquement,2025-12-04 15:50
74438801,image,vérifié automatiquement,2025-12-04 15:50
74443071,image,vérifié automatiquement,2025-12-04 15:50
74531051,image,vérifié automatiquement,2025-12-04 15:50
74729891,image,vérifié automatiquement,2025-12-04 15:50
74828581,image,vérifié automatiquement,2025-12-04 15:50
74828611,image,vérifié automatiquement,2025-12-04 15:50
74828651,image,vérifié automatiquement,2025-12-04 15:50
74828801,image,vérifié automatiquement,2025-12-04 15:50
74828811,image,vérifié automatiquement,2025-12-04 15:50
74828821,image,vérifié automatiquement,2025-12-04 15:50
74828831,image,vérifié automatiquement,2025-12-04 15:50
74828881,image,vérifié automatiquement,2025-12-04 15:50
74828891,image,vérifié automatiquement,2025-12-04 15:50
74828901,image,vérifié automatiquement,2025-12-04 15:50
74828911,image,vérifié automatiquement,2025-12-04 15:50
74828921,image,vérifié automatiquement,2025-12-04 15:50
74828951,image,vérifié automatiquement,2025-12-04 15:50
74828981,image,vérifié automatiquement,2025-12-04 15:50
74828991,image,vérifié automatiquement,2025-12-04 15:50
74829011,image,vérifié automatiquement,2025-12-04 15:50
74829021,image,vérifié automatiquement,2025-12-04 15:50
74829051,image,vérifié automatiquement,2025-12-04 15:50
74829071,image,vérifié automatiquement,2025-12-04 15:50
74829101,image,vérifié automatiquement,2025-12-04 15:50
74829111,image,vérifié automatiquement,2025-12-04 15:50
74829121,image,vérifié automatiquement,2025-12-04 15:50
74829131,image,vérifié automatiquement,2025-12-04 15:50
74829141,image,vérifié automatiquement,2025-12-04 15:50
74829161,image,vérifié automatiquement,2025-12-04 15:50
74829181,image,vérifié automatiquement,2025-12-04 15:50
74829191,image,vérifié automatiquement,2025-12-04 15:50
74829241,image,vérifié automatiquement,2025-12-04 15:50
74829251,image,vérifié automatiquement,2025-12-04 15:50
74829261,image,vérifié automatiquement,2025-12-04 15:50
74829271,image,vérifié automatiquement,2025-12-04 15:50
74829291,image,vérifié automatiquement,2025-12-04 15:50
74829311,image,vérifié automatiquement,2025-12-04 15:50
74829331,image,vérifié automatiquement,2025-12-04 15:50
74829341,image,vérifié automatiquement,2025-12-04 15:50
74829351,image,vérifié automatiquement,2025-12-04 15:50
74829361,image,vérifié automatiquement,2025-12-04 15:50
74829371,image,vérifié automatiquement,2025-12-04 15:50
74829381,image,vérifié automatiquement,2025-12-04 15:50
74829391,image,vérifié automatiquement,2025-12-04 15:50
76413651,image,vérifié automatiquement,2025-12-04 15:50
77193441,image,vérifié automatiquement,2025-12-04 15:50
79537181,image,vérifié automatiquement,2025-12-04 15:50
84808911,image,vérifié automatiquement,2025-12-04 15:50
84808921,image,vérifié automatiquement,2025-12-04 15:50
84808931,image,vérifié automatiquement,2025-12-04 15:50
84808941,image,vérifié automatiquement,2025-12-04 15:50
84808981,image,vérifié automatiquement,2025-12-04 15:50
84813461,image,vérifié automatiquement,2025-12-04 15:50
84813471,image,vérifié automatiquement,2025-12-04 15:50
84813481,image,vérifié automatiquement,2025-12-04 15:50
84813521,image,vérifié automatiquement,2025-12-04 15:50
84814461,image,vérifié automatiquement,2025-12-04 15:50
84814491,image,vérifié automatiquement,2025-12-04 15:50
87498741,image,vérifié automatiquement,2025-12-04 15:50
87498771,image,vérifié automatiquement,2025-12-04 15:50
89351031,image,vérifié automatiquement,2025-12-04 15:50
92252081,image,vérifié automatiquement,2025-12-04 15:50
92252111,image,vérifié automatiquement,2025-12-04 15:50
92252141,image,vérifié automatiquement,2025-12-04 15:50
92252161,image,vérifié automatiquement,2025-12-04 15:50
92252251,image,vérifié automatiquement,2025-12-04 15:50
92252261,image,vérifié automatiquement,2025-12-04 15:50
92268691,image,vérifié automatiquement,2025-12-04 15:50
96941071,image,vérifié automatiquement,2025-12-04 15:50
96941081,image,vérifié automatiquement,2025-12-04 15:50
96941181,image,vérifié automatiquement,2025-12-04 15:50
98622131,image,vérifié automatiquement,2025-12-04 15:50
98622601,image,vérifié automatiquement,2025-12-04 15:50
98625641,image,vérifié automatiquement,2025-12-04 15:50
98625731,image,vérifié automatiquement,2025-12-04 15:50
99273411,image,vérifié automatiquement,2025-12-04 15:50
99277371,image,vérifié automatiquement,2025-12-04 15:50
99277381,image,vérifié automatiquement,2025-12-04 15:50
99277521,image,vérifié automatiquement,2025-12-04 15:50
99277531,image,vérifié automatiquement,2025-12-04 15:50
99277551,image,vérifié automatiquement,2025-12-04 15:50
99277891,image,vérifié automatiquement,2025-12-04 15:50
